FlyBaseID,NPC.Nup98.Score,Human.GeneID,Human.Symbol
FBgn0000008,2.022807935,3603,IL16
FBgn0000011,3.739231004,9278,ZBTB22
FBgn0000011,3.739231004,49854,ZNF295
FBgn0000011,3.739231004,84614,ZBTB37
FBgn0000011,3.739231004,7709,ZBTB17
FBgn0000011,3.739231004,9880,ZBTB39
FBgn0000014,3.808028168,3224,HOXC8
FBgn0000014,3.808028168,3216,HOXB6
FBgn0000014,3.808028168,3203,HOXA6
FBgn0000015,2.758494008,3225,HOXC9
FBgn0000015,2.758494008,3205,HOXA9
FBgn0000015,2.758494008,3235,HOXD9
FBgn0000015,2.758494008,3219,HOXB9
FBgn0000015,2.758494008,3237,HOXD11
FBgn0000017,2.69800946,25,ABL1
FBgn0000017,2.69800946,27,ABL2
FBgn0000024,2.973772226,43,ACHE
FBgn0000024,2.973772226,590,BCHE
FBgn0000028,3.07032872,5458,POU4F2
FBgn0000028,3.07032872,5459,POU4F3
FBgn0000028,3.07032872,5457,POU4F1
FBgn0000036,3.674459881,1135,CHRNA2
FBgn0000036,3.674459881,1137,CHRNA4
FBgn0000036,3.674459881,8973,CHRNA6
FBgn0000036,3.674459881,1136,CHRNA3
FBgn0000038,3.102811429,1137,CHRNA4
FBgn0000038,3.102811429,1140,CHRNB1
FBgn0000038,3.102811429,1145,CHRNE
FBgn0000052,2.947616741,5198,PFAS
FBgn0000061,1.655485022,170302,ARX
FBgn0000095,4.71009541,3224,HOXC8
FBgn0000095,4.71009541,3217,HOXB7
FBgn0000095,4.71009541,3218,HOXB8
FBgn0000095,4.71009541,3234,HOXD8
FBgn0000097,1.910070233,2120,ETV6
FBgn0000097,1.910070233,51513,ETV7
FBgn0000108,4.336947257,351,APP
FBgn0000108,4.336947257,334,APLP2
FBgn0000108,4.336947257,333,APLP1
FBgn0000114,3.803026328,10659,CELF2
FBgn0000114,3.803026328,10658,CELF1
FBgn0000115,2.711482992,400,ARL1
FBgn0000119,1.546591673,4041,LRP5
FBgn0000119,1.546591673,4040,LRP6
FBgn0000139,1.771301079,9070,ASH2L
FBgn0000142,2.084155474,80816,ASXL3
FBgn0000142,2.084155474,171023,ASXL1
FBgn0000142,2.084155474,55252,ASXL2
FBgn0000163,1.7661665,56288,PARD3
FBgn0000163,1.7661665,117583,PARD3B
FBgn0000173,2.966843906,7334,UBE2N
FBgn0000173,2.966843906,389898,UBE2NL
FBgn0000179,3.451719637,6909,TBX2
FBgn0000179,3.451719637,6926,TBX3
FBgn0000183,3.074388851,636,BICD1
FBgn0000183,3.074388851,23299,BICD2
FBgn0000206,2.940595344,51704,GPRC5B
FBgn0000206,2.940595344,55507,GPRC5D
FBgn0000206,2.940595344,9052,GPRC5A
FBgn0000212,2.022020557,6597,SMARCA4
FBgn0000212,2.022020557,6595,SMARCA2
FBgn0000221,2.061695947,8708,B3GALT1
FBgn0000242,3.157079457,4004,LMO1
FBgn0000242,3.157079457,55885,LMO3
FBgn0000251,3.290998444,1044,CDX1
FBgn0000251,3.290998444,1045,CDX2
FBgn0000251,3.290998444,1046,CDX4
FBgn0000253,2.192013047,808,CALM3
FBgn0000253,2.192013047,801,CALM1
FBgn0000253,2.192013047,805,CALM2
FBgn0000256,1.71668866,56776,FMN2
FBgn0000256,1.71668866,342184,FMN1
FBgn0000273,1.668948305,5567,PRKACB
FBgn0000273,1.668948305,5566,PRKACA
FBgn0000273,1.668948305,5568,PRKACG
FBgn0000275,1.932435912,5573,PRKAR1A
FBgn0000275,1.932435912,5575,PRKAR1B
FBgn0000289,2.188299356,29803,REPIN1
FBgn0000303,2.271809442,1103,CHAT
FBgn0000307,3.186674652,80174,DBF4B
FBgn0000307,3.186674652,10926,DBF4
FBgn0000340,3.571953428,4301,MLLT4
FBgn0000363,2.325441508,11030,RBPMS
FBgn0000363,2.325441508,348093,RBPMS2
FBgn0000392,2.358580833,56478,EIF4ENIF1
FBgn0000405,1.762748846,891,CCNB1
FBgn0000405,1.762748846,9133,CCNB2
FBgn0000439,2.760825231,3233,HOXD4
FBgn0000439,2.760825231,3221,HOXC4
FBgn0000439,2.760825231,3214,HOXB4
FBgn0000439,2.760825231,3201,HOXA4
FBgn0000442,2.003217823,5593,PRKG2
FBgn0000448,2.034862417,6096,RORB
FBgn0000448,2.034862417,6095,RORA
FBgn0000448,2.034862417,6097,RORC
FBgn0000459,1.98042683,54796,BNC2
FBgn0000459,1.98042683,646,BNC1
FBgn0000464,4.455002656,5789,PTPRD
FBgn0000464,4.455002656,5792,PTPRF
FBgn0000464,4.455002656,5802,PTPRS
FBgn0000479,3.020186715,5144,PDE4D
FBgn0000479,3.020186715,5142,PDE4B
FBgn0000479,3.020186715,5141,PDE4A
FBgn0000479,3.020186715,5143,PDE4C
FBgn0000492,2.932962514,4487,MSX1
FBgn0000492,2.932962514,4488,MSX2
FBgn0000542,2.005712884,54532,USP53
FBgn0000542,2.005712884,159195,USP54
FBgn0000546,2.493617285,10062,NR1H3
FBgn0000547,3.427446536,10892,MALT1
FBgn0000547,3.427446536,84063,KIRREL2
FBgn0000547,3.427446536,84623,KIRREL3
FBgn0000547,3.427446536,55243,KIRREL
FBgn0000547,3.427446536,4680,CEACAM6
FBgn0000547,3.427446536,27180,SIGLEC9
FBgn0000547,3.427446536,89858,SIGLEC12
FBgn0000547,3.427446536,114132,SIGLEC11
FBgn0000547,3.427446536,9499,MYOT
FBgn0000547,3.427446536,8778,SIGLEC5
FBgn0000547,3.427446536,89790,SIGLEC10
FBgn0000547,3.427446536,27181,SIGLEC8
FBgn0000562,2.300544013,161829,EXD1
FBgn0000567,2.569226071,1998,ELF2
FBgn0000567,2.569226071,1997,ELF1
FBgn0000567,2.569226071,2000,ELF4
FBgn0000568,2.74040546,5467,PPARD
FBgn0000581,2.489452691,26122,EPC2
FBgn0000581,2.489452691,80314,EPC1
FBgn0000630,1.703528685,83715,ESPN
FBgn0000633,4.402819118,25945,PVRL3
FBgn0000633,4.402819118,4162,MCAM
FBgn0000634,1.556471843,7045,TGFBI
FBgn0000635,3.238134374,4685,NCAM2
FBgn0000635,3.238134374,4684,NCAM1
FBgn0000636,4.068416822,199731,CADM4
FBgn0000636,4.068416822,5817,PVR
FBgn0000667,3.056931458,87,ACTN1
FBgn0000667,3.056931458,88,ACTN2
FBgn0000667,3.056931458,81,ACTN4
FBgn0000711,3.879634609,5500,PPP1CB
FBgn0000721,2.62450412,5592,PRKG1
FBgn0000928,2.13851743,91646,TDRD12
FBgn0001078,2.653951119,2516,NR5A1
FBgn0001078,2.653951119,2494,NR5A2
FBgn0001085,2.333970727,8324,FZD7
FBgn0001085,2.333970727,8321,FZD1
FBgn0001085,2.333970727,2535,FZD2
FBgn0001085,2.333970727,8323,FZD6
FBgn0001085,2.333970727,7976,FZD3
FBgn0001112,3.390444357,55349,CHDH
FBgn0001122,1.592575188,2775,GNAO1
FBgn0001138,2.081853411,2625,GATA3
FBgn0001138,2.081853411,2624,GATA2
FBgn0001138,2.081853411,2623,GATA1
FBgn0001139,3.130078254,7090,TLE3
FBgn0001139,3.130078254,7088,TLE1
FBgn0001139,3.130078254,7091,TLE4
FBgn0001139,3.130078254,7089,TLE2
FBgn0001139,3.130078254,166,AES
FBgn0001147,1.684158529,5081,PAX7
FBgn0001147,1.684158529,5077,PAX3
FBgn0001180,1.86627612,64376,IKZF5
FBgn0001197,1.523054475,94239,H2AFV
FBgn0001197,1.523054475,3015,H2AFZ
FBgn0001203,2.303791051,8514,KCNAB2
FBgn0001203,2.303791051,7881,KCNAB1
FBgn0001203,2.303791051,9196,KCNAB3
FBgn0001205,1.519064977,3156,HMGCR
FBgn0001235,3.889758388,4212,MEIS2
FBgn0001235,3.889758388,4211,MEIS1
FBgn0001250,2.046838413,3685,ITGAV
FBgn0001250,2.046838413,3674,ITGA2B
FBgn0001250,2.046838413,8516,ITGA8
FBgn0001250,2.046838413,3678,ITGA5
FBgn0001269,1.732279307,2019,EN1
FBgn0001269,1.732279307,2020,EN2
FBgn0001297,3.164338992,2355,FOSL2
FBgn0001297,3.164338992,8061,FOSL1
FBgn0001297,3.164338992,2353,FOS
FBgn0001297,3.164338992,2354,FOSB
FBgn0001301,2.443602842,26249,KLHL3
FBgn0001301,2.443602842,11275,KLHL2
FBgn0001319,2.699209557,1879,EBF1
FBgn0001319,2.699209557,253738,EBF3
FBgn0001319,2.699209557,64641,EBF2
FBgn0001319,2.699209557,57593,EBF4
FBgn0001323,1.888191582,7376,NR1H2
FBgn0001324,2.802680811,116931,MED12L
FBgn0001324,2.802680811,9968,MED12
FBgn0001402,3.574256394,3339,HSPG2
FBgn0001624,1.802565162,1739,DLG1
FBgn0001624,1.802565162,1742,DLG4
FBgn0001624,1.802565162,1740,DLG2
FBgn0001624,1.802565162,1741,DLG3
FBgn0001994,3.014741117,7023,TFAP4
FBgn0002023,3.748993698,8022,LHX3
FBgn0002023,3.748993698,89884,LHX4
FBgn0002031,1.840566026,5245,PHB
FBgn0002044,2.693338758,64062,RBM26
FBgn0002044,2.693338758,54439,RBM27
FBgn0002183,2.668891234,11198,SUPT16H
FBgn0002525,1.771805273,4001,LMNB1
FBgn0002525,1.771805273,84823,LMNB2
FBgn0002525,1.771805273,4000,LMNA
FBgn0002543,1.729541867,6091,ROBO1
FBgn0002543,1.729541867,64221,ROBO3
FBgn0002543,1.729541867,6092,ROBO2
FBgn0002643,4.813183792,607,BCL9
FBgn0002643,4.813183792,283149,BCL9L
FBgn0002719,2.998878282,4199,ME1
FBgn0002719,2.998878282,10873,ME3
FBgn0002719,2.998878282,4200,ME2
FBgn0002783,2.543002206,6601,SMARCC2
FBgn0002783,2.543002206,6599,SMARCC1
FBgn0002869,1.639092737,4490,MT1B
FBgn0002869,1.639092737,4501,MT1X
FBgn0002869,1.639092737,4493,MT1E
FBgn0002869,1.639092737,4495,MT1G
FBgn0002869,1.639092737,4494,MT1F
FBgn0002869,1.639092737,4499,MT1M
FBgn0002937,1.607058403,6121,RPE65
FBgn0002937,1.607058403,83875,BCO2
FBgn0002937,1.607058403,53630,BCMO1
FBgn0002941,2.473062683,54729,NKX1-1
FBgn0002945,4.304157347,85407,NKD1
FBgn0003002,2.93095899,84107,ZIC4
FBgn0003002,2.93095899,7546,ZIC2
FBgn0003002,2.93095899,7547,ZIC3
FBgn0003002,2.93095899,7545,ZIC1
FBgn0003002,2.93095899,85416,ZIC5
FBgn0003013,3.935458979,57492,ARID1B
FBgn0003013,3.935458979,8289,ARID1A
FBgn0003016,2.460778843,23164,MPRIP
FBgn0003016,2.460778843,11078,TRIOBP
FBgn0003036,1.893611841,6326,SCN2A
FBgn0003036,1.893611841,6334,SCN8A
FBgn0003036,1.893611841,6328,SCN3A
FBgn0003036,1.893611841,6332,SCN7A
FBgn0003036,1.893611841,6323,SCN1A
FBgn0003036,1.893611841,6331,SCN5A
FBgn0003036,1.893611841,6329,SCN4A
FBgn0003036,1.893611841,6335,SCN9A
FBgn0003036,1.893611841,6336,SCN10A
FBgn0003036,1.893611841,11280,SCN11A
FBgn0003041,1.829811032,1894,ECT2
FBgn0003068,2.381827607,8863,PER3
FBgn0003068,2.381827607,8864,PER2
FBgn0003068,2.381827607,5187,PER1
FBgn0003079,2.160929328,673,BRAF
FBgn0003079,2.160929328,369,ARAF
FBgn0003079,2.160929328,5894,RAF1
FBgn0003090,1.778721915,144165,PRICKLE1
FBgn0003090,1.778721915,166336,PRICKLE2
FBgn0003090,1.778721915,4007,PRICKLE3
FBgn0003091,2.485071203,5578,PRKCA
FBgn0003091,2.485071203,5579,PRKCB
FBgn0003091,2.485071203,5582,PRKCG
FBgn0003093,1.878480833,5581,PRKCE
FBgn0003093,1.878480833,5583,PRKCH
FBgn0003138,3.456983593,5770,PTPN1
FBgn0003138,3.456983593,5771,PTPN2
FBgn0003150,1.963874004,5685,PSMA4
FBgn0003162,1.647586084,2643,GCH1
FBgn0003165,3.275983079,23369,PUM2
FBgn0003165,3.275983079,9698,PUM1
FBgn0003177,2.585399151,9414,TJP2
FBgn0003177,2.585399151,7082,TJP1
FBgn0003177,2.585399151,27134,TJP3
FBgn0003200,3.805700894,51343,FZR1
FBgn0003204,1.957306886,3614,IMPDH1
FBgn0003204,1.957306886,3615,IMPDH2
FBgn0003209,1.810985691,6041,RNASEL
FBgn0003218,3.15023535,57605,PITPNM2
FBgn0003218,3.15023535,9600,PITPNM1
FBgn0003218,3.15023535,83394,PITPNM3
FBgn0003255,2.886537057,8549,LGR5
FBgn0003255,2.886537057,55366,LGR4
FBgn0003255,2.886537057,59352,LGR6
FBgn0003295,1.611533842,162494,RHBDL3
FBgn0003295,1.611533842,9028,RHBDL1
FBgn0003300,2.609489013,861,RUNX1
FBgn0003300,2.609489013,860,RUNX2
FBgn0003319,1.565674691,5652,PRSS8
FBgn0003339,1.650648866,3215,HOXB5
FBgn0003339,1.650648866,3203,HOXA6
FBgn0003339,1.650648866,3234,HOXD8
FBgn0003349,4.239653636,64398,MPP5
FBgn0003360,1.623364456,291,SLC25A4
FBgn0003360,1.623364456,293,SLC25A6
FBgn0003360,1.623364456,292,SLC25A5
FBgn0003371,3.38465752,2932,GSK3B
FBgn0003371,3.38465752,2931,GSK3A
FBgn0003380,3.841207604,3736,KCNA1
FBgn0003380,3.841207604,3737,KCNA2
FBgn0003380,3.841207604,3738,KCNA3
FBgn0003380,3.841207604,3739,KCNA4
FBgn0003380,3.841207604,3742,KCNA6
FBgn0003380,3.841207604,3741,KCNA5
FBgn0003380,3.841207604,3743,KCNA7
FBgn0003380,3.841207604,3744,KCNA10
FBgn0003383,4.631860963,3745,KCNB1
FBgn0003383,4.631860963,9312,KCNB2
FBgn0003396,2.300963774,3097,HIVEP2
FBgn0003396,2.300963774,59269,HIVEP3
FBgn0003396,2.300963774,3096,HIVEP1
FBgn0003425,2.784322369,9353,SLIT2
FBgn0003425,2.784322369,6585,SLIT1
FBgn0003425,2.784322369,6586,SLIT3
FBgn0003429,3.481574983,3778,KCNMA1
FBgn0003429,3.481574983,157855,KCNU1
FBgn0003435,4.453937347,3191,HNRNPL
FBgn0003435,4.453937347,92906,HNRPLL
FBgn0003447,3.493188929,6624,FSCN1
FBgn0003447,3.493188929,25794,FSCN2
FBgn0003448,3.52624178,333929,SNAI3
FBgn0003448,3.52624178,6591,SNAI2
FBgn0003448,3.52624178,6615,SNAI1
FBgn0003462,1.557817661,6647,SOD1
FBgn0003463,2.811302319,8646,CHRD
FBgn0003470,1.943820709,6709,SPTAN1
FBgn0003470,1.943820709,6708,SPTA1
FBgn0003471,3.64596555,6711,SPTBN1
FBgn0003471,3.64596555,6712,SPTBN2
FBgn0003471,3.64596555,6710,SPTB
FBgn0003471,3.64596555,57731,SPTBN4
FBgn0003499,1.588003403,1959,EGR2
FBgn0003499,1.588003403,1960,EGR3
FBgn0003499,1.588003403,1958,EGR1
FBgn0003499,1.588003403,1961,EGR4
FBgn0003501,3.245664738,6714,SRC
FBgn0003501,3.245664738,2534,FYN
FBgn0003501,3.245664738,640,BLK
FBgn0003501,3.245664738,2268,FGR
FBgn0003501,3.245664738,7525,YES1
FBgn0003502,3.269985926,7294,TXK
FBgn0003502,3.269985926,7006,TEC
FBgn0003502,3.269985926,695,BTK
FBgn0003502,3.269985926,3702,ITK
FBgn0003513,1.504327871,196,AHR
FBgn0003520,1.663647,27067,STAU2
FBgn0003520,1.663647,6780,STAU1
FBgn0003612,1.575790256,8554,PIAS1
FBgn0003612,1.575790256,9063,PIAS2
FBgn0003612,1.575790256,10401,PIAS3
FBgn0003612,1.575790256,51588,PIAS4
FBgn0003651,1.655787754,7026,NR2F2
FBgn0003651,1.655787754,7025,NR2F1
FBgn0003660,2.212176834,6844,VAMP2
FBgn0003660,2.212176834,6843,VAMP1
FBgn0003660,2.212176834,9341,VAMP3
FBgn0003716,1.511739512,657,BMPR1A
FBgn0003716,1.511739512,658,BMPR1B
FBgn0003721,3.186657699,7168,TPM1
FBgn0003721,3.186657699,7170,TPM3
FBgn0003721,3.186657699,7169,TPM2
FBgn0003721,3.186657699,7171,TPM4
FBgn0003731,2.576626197,1956,EGFR
FBgn0003731,2.576626197,2066,ERBB4
FBgn0003731,2.576626197,2064,ERBB2
FBgn0003731,2.576626197,2065,ERBB3
FBgn0003749,1.755391207,64067,NPAS3
FBgn0003749,1.755391207,4861,NPAS1
FBgn0003870,1.922602172,84878,ZBTB45
FBgn0003870,1.922602172,9841,ZBTB24
FBgn0003870,1.922602172,112939,NACC1
FBgn0003870,1.922602172,7709,ZBTB17
FBgn0003870,1.922602172,84614,ZBTB37
FBgn0003870,1.922602172,9880,ZBTB39
FBgn0003890,1.924923843,347733,TUBB2B
FBgn0003890,1.924923843,7280,TUBB2A
FBgn0003890,1.924923843,81027,TUBB1
FBgn0003892,1.689012546,5727,PTCH1
FBgn0003892,1.689012546,8643,PTCH2
FBgn0003896,2.919527138,3670,ISL1
FBgn0003896,2.919527138,64843,ISL2
FBgn0003944,2.47469988,3204,HOXA7
FBgn0003944,2.47469988,3217,HOXB7
FBgn0003944,2.47469988,3216,HOXB6
FBgn0003944,2.47469988,3234,HOXD8
FBgn0003963,3.472792216,161882,ZFPM1
FBgn0003963,3.472792216,23414,ZFPM2
FBgn0003964,2.033738573,6257,RXRB
FBgn0003964,2.033738573,6258,RXRG
FBgn0003964,2.033738573,6256,RXRA
FBgn0003975,1.833191477,245806,VGLL2
FBgn0003975,1.833191477,389136,VGLL3
FBgn0003977,4.207382213,25962,KIAA1429
FBgn0003984,2.113261528,9499,MYOT
FBgn0003984,2.113261528,2321,FLT1
FBgn0004002,2.310773184,3908,LAMA2
FBgn0004002,2.310773184,284217,LAMA1
FBgn0004101,2.6404398,6722,SRF
FBgn0004102,1.997222806,5013,OTX1
FBgn0004102,1.997222806,5015,OTX2
FBgn0004118,2.140968848,1136,CHRNA3
FBgn0004118,2.140968848,1137,CHRNA4
FBgn0004118,2.140968848,8973,CHRNA6
FBgn0004118,2.140968848,1135,CHRNA2
FBgn0004133,2.477107482,761,CA3
FBgn0004168,2.141390406,3350,HTR1A
FBgn0004168,2.141390406,3352,HTR1D
FBgn0004179,2.226231695,80331,DNAJC5
FBgn0004179,2.226231695,85479,DNAJC5B
FBgn0004198,4.578002184,1523,CUX1
FBgn0004198,4.578002184,23316,CUX2
FBgn0004227,1.997936964,6421,SFPQ
FBgn0004227,1.997936964,4841,NONO
FBgn0004227,1.997936964,55269,PSPC1
FBgn0004242,2.145247705,6857,SYT1
FBgn0004242,2.145247705,127833,SYT2
FBgn0004242,2.145247705,6861,SYT5
FBgn0004243,1.570869072,54443,ANLN
FBgn0004244,3.464738441,441509,GLRA4
FBgn0004368,2.328552458,5787,PTPRB
FBgn0004368,2.328552458,5794,PTPRH
FBgn0004369,2.197590927,5793,PTPRG
FBgn0004370,2.537400393,5787,PTPRB
FBgn0004370,2.537400393,5800,PTPRO
FBgn0004370,2.537400393,5795,PTPRJ
FBgn0004370,2.537400393,5794,PTPRH
FBgn0004394,1.638841998,5452,POU2F2
FBgn0004394,1.638841998,5451,POU2F1
FBgn0004394,1.638841998,25833,POU2F3
FBgn0004395,1.803891407,85451,UNK
FBgn0004395,1.803891407,64718,UNKL
FBgn0004396,2.778530182,90993,CREB3L1
FBgn0004396,2.778530182,64764,CREB3L2
FBgn0004399,4.10295547,60468,BACH2
FBgn0004399,4.10295547,79786,KLHL36
FBgn0004446,3.736864487,55714,ODZ3
FBgn0004446,3.736864487,26011,ODZ4
FBgn0004446,3.736864487,57451,ODZ2
FBgn0004446,3.736864487,10178,ODZ1
FBgn0004449,3.837227185,57451,ODZ2
FBgn0004449,3.837227185,55714,ODZ3
FBgn0004449,3.837227185,26011,ODZ4
FBgn0004449,3.837227185,10178,ODZ1
FBgn0004456,3.077515582,3679,ITGA7
FBgn0004456,3.077515582,3655,ITGA6
FBgn0004456,3.077515582,3675,ITGA3
FBgn0004507,5.783056217,5837,PYGM
FBgn0004507,5.783056217,5836,PYGL
FBgn0004507,5.783056217,5834,PYGB
FBgn0004509,4.354727691,5045,FURIN
FBgn0004509,4.354727691,54760,PCSK4
FBgn0004511,4.058529821,56946,C11orf30
FBgn0004514,1.854587179,3350,HTR1A
FBgn0004516,2.042738833,2571,GAD1
FBgn0004516,2.042738833,2572,GAD2
FBgn0004572,1.924804257,3350,HTR1A
FBgn0004572,1.924804257,3352,HTR1D
FBgn0004573,2.184141662,3363,HTR7
FBgn0004575,2.772261525,6854,SYN2
FBgn0004575,2.772261525,6853,SYN1
FBgn0004575,2.772261525,8224,SYN3
FBgn0004586,2.435152434,79977,GRHL2
FBgn0004586,2.435152434,29841,GRHL1
FBgn0004586,2.435152434,57822,GRHL3
FBgn0004595,2.144752502,5629,PROX1
FBgn0004606,2.671577428,6935,ZEB1
FBgn0004606,2.671577428,9839,ZEB2
FBgn0004611,2.683570939,23236,PLCB1
FBgn0004611,2.683570939,5331,PLCB3
FBgn0004611,2.683570939,5330,PLCB2
FBgn0004619,2.509211048,2892,GRIA3
FBgn0004619,2.509211048,2891,GRIA2
FBgn0004619,2.509211048,2893,GRIA4
FBgn0004619,2.509211048,2890,GRIA1
FBgn0004622,2.423205128,6870,TACR3
FBgn0004622,2.423205128,6869,TACR1
FBgn0004622,2.423205128,6865,TACR2
FBgn0004625,3.454185646,5332,PLCB4
FBgn0004638,2.138408418,2885,GRB2
FBgn0004638,2.138408418,10750,GRAP
FBgn0004638,2.138408418,9402,GRAP2
FBgn0004643,2.726620714,9183,ZW10
FBgn0004652,3.508922993,9880,ZBTB39
FBgn0004657,1.501081831,3688,ITGB1
FBgn0004657,1.501081831,3689,ITGB2
FBgn0004657,1.501081831,3695,ITGB7
FBgn0004657,1.501081831,3690,ITGB3
FBgn0004657,1.501081831,3691,ITGB4
FBgn0004657,1.501081831,3694,ITGB6
FBgn0004657,1.501081831,3693,ITGB5
FBgn0004666,2.85435954,6492,SIM1
FBgn0004666,2.85435954,6493,SIM2
FBgn0004784,1.722833624,5579,PRKCB
FBgn0004784,1.722833624,5578,PRKCA
FBgn0004834,2.814545615,2869,GRK5
FBgn0004834,2.814545615,2868,GRK4
FBgn0004834,2.814545615,2870,GRK6
FBgn0004837,1.785254474,3516,RBPJ
FBgn0004854,2.867461206,343472,BARHL2
FBgn0004854,2.867461206,56751,BARHL1
FBgn0004858,1.783667345,84858,ZNF503
FBgn0004858,1.783667345,80139,ZNF703
FBgn0004863,2.921232602,3196,TLX2
FBgn0004863,2.921232602,30012,TLX3
FBgn0004863,2.921232602,3195,TLX1
FBgn0004865,1.665253423,9975,NR1D2
FBgn0004867,4.668873795,6187,RPS2
FBgn0004870,3.680817707,112939,NACC1
FBgn0004873,2.278345456,118,ADD1
FBgn0004873,2.278345456,119,ADD2
FBgn0004873,2.278345456,120,ADD3
FBgn0004875,3.525627333,22864,R3HDM2
FBgn0004875,3.525627333,23518,R3HDM1
FBgn0004875,3.525627333,10777,ARPP21
FBgn0004876,1.742495878,7016,TESK1
FBgn0004876,1.742495878,10420,TESK2
FBgn0004880,3.048088102,85508,SCRT2
FBgn0004880,3.048088102,83482,SCRT1
FBgn0004882,1.668767417,64506,CPEB1
FBgn0004885,2.617410821,7092,TLL1
FBgn0004885,2.617410821,7093,TLL2
FBgn0004885,2.617410821,649,BMP1
FBgn0004896,3.441234425,27022,FOXD3
FBgn0004896,3.441234425,2306,FOXD2
FBgn0004896,3.441234425,653404,FOXD4L6
FBgn0004896,3.441234425,349334,FOXD4L4
FBgn0004896,3.441234425,100036519,FOXD4L2
FBgn0004896,3.441234425,2298,FOXD4
FBgn0004907,2.2400794,7534,YWHAZ
FBgn0004907,2.2400794,7529,YWHAB
FBgn0004910,2.993529555,164633,CABP7
FBgn0005410,2.359000638,55206,SBNO1
FBgn0005410,2.359000638,22904,SBNO2
FBgn0005411,1.503311476,11338,U2AF2
FBgn0005536,4.362794931,4659,PPP1R12A
FBgn0005536,4.362794931,4660,PPP1R12B
FBgn0005536,4.362794931,54776,PPP1R12C
FBgn0005564,1.864838693,3751,KCND2
FBgn0005564,1.864838693,3752,KCND3
FBgn0005564,1.864838693,3750,KCND1
FBgn0005614,2.103475189,7223,TRPC4
FBgn0005614,2.103475189,7224,TRPC5
FBgn0005614,2.103475189,7220,TRPC1
FBgn0005624,3.893112972,7703,PCGF2
FBgn0005624,3.893112972,648,BMI1
FBgn0005634,1.759390285,4628,MYH10
FBgn0005634,1.759390285,4627,MYH9
FBgn0005634,1.759390285,4629,MYH11
FBgn0005634,1.759390285,79784,MYH14
FBgn0005636,2.951064153,863,CBFA2T3
FBgn0005636,2.951064153,862,RUNX1T1
FBgn0005636,2.951064153,9139,CBFA2T2
FBgn0005640,4.380864407,5218,CDK14
FBgn0005640,4.380864407,65061,CDK15
FBgn0005648,5.931480068,8106,PABPN1
FBgn0005648,5.931480068,390748,PABPN1L
FBgn0005649,2.157995386,7073,TIAL1
FBgn0005649,2.157995386,7072,TIA1
FBgn0005658,3.002927365,54738,FEV
FBgn0005658,3.002927365,2313,FLI1
FBgn0005658,3.002927365,2078,ERG
FBgn0005659,1.916776017,25803,SPDEF
FBgn0005660,1.724052121,54738,FEV
FBgn0005666,2.125280997,7273,TTN
FBgn0005666,2.125280997,84033,OBSCN
FBgn0005666,2.125280997,23363,OBSL1
FBgn0005672,2.280805301,8717,TRADD
FBgn0005775,3.692962772,121227,LRIG3
FBgn0005775,3.692962772,9860,LRIG2
FBgn0005775,3.692962772,26018,LRIG1
FBgn0005775,3.692962772,26050,SLITRK5
FBgn0005775,3.692962772,122042,RXFP2
FBgn0005775,3.692962772,84189,SLITRK6
FBgn0010113,2.685247935,51696,HECA
FBgn0010222,2.296812063,10797,MTHFD2
FBgn0010222,2.296812063,441024,MTHFD2L
FBgn0010228,3.725291372,6749,SSRP1
FBgn0010278,1.999040981,6749,SSRP1
FBgn0010280,1.575538209,6875,TAF4B
FBgn0010280,1.575538209,6874,TAF4
FBgn0010300,3.369476959,10612,TRIM3
FBgn0010309,6.88650626,54103,PION
FBgn0010329,1.964795954,1621,DBH
FBgn0010338,3.082816115,10905,MAN1A2
FBgn0010338,3.082816115,57134,MAN1C1
FBgn0010338,3.082816115,4121,MAN1A1
FBgn0010341,1.684243266,998,CDC42
FBgn0010349,2.021339039,1778,DYNC1H1
FBgn0010352,1.836033352,4967,OGDH
FBgn0010352,1.836033352,55753,OGDHL
FBgn0010379,1.735756529,10000,AKT3
FBgn0010379,1.735756529,208,AKT2
FBgn0010379,1.735756529,207,AKT1
FBgn0010382,1.95864193,898,CCNE1
FBgn0010382,1.95864193,9134,CCNE2
FBgn0010415,3.860672421,6383,SDC2
FBgn0010415,3.860672421,6382,SDC1
FBgn0010415,3.860672421,9672,SDC3
FBgn0010415,3.860672421,6385,SDC4
FBgn0010434,2.517890362,2035,EPB41
FBgn0010434,2.517890362,23136,EPB41L3
FBgn0010434,2.517890362,2037,EPB41L2
FBgn0010434,2.517890362,2036,EPB41L1
FBgn0010453,2.128263934,7484,WNT9B
FBgn0010453,2.128263934,7483,WNT9A
FBgn0010460,2.757971215,8848,TSC22D1
FBgn0010460,2.757971215,9819,TSC22D2
FBgn0010520,4.668873795,51077,FCF1
FBgn0010609,2.226656603,2181,ACSL3
FBgn0010609,2.226656603,2182,ACSL4
FBgn0010620,2.104686337,9368,SLC9A3R1
FBgn0010620,2.104686337,79849,PDZD3
FBgn0010620,2.104686337,9351,SLC9A3R2
FBgn0010660,3.377323659,8021,NUP214
FBgn0010715,1.582840901,9706,ULK2
FBgn0010715,1.582840901,8408,ULK1
FBgn0010741,1.5251779,5202,PFDN2
FBgn0010762,4.401706246,57459,GATAD2B
FBgn0010762,4.401706246,54815,GATAD2A
FBgn0010772,2.426416858,8227,AKAP17A
FBgn0010808,2.940735713,54927,CHCHD3
FBgn0010808,2.940735713,84303,CHCHD6
FBgn0010825,1.599255547,473,RERE
FBgn0010825,1.599255547,1822,ATN1
FBgn0010905,3.123441155,55607,PPP1R9A
FBgn0010909,2.493018414,50488,MINK1
FBgn0010909,2.493018414,9448,MAP4K4
FBgn0010909,2.493018414,23043,TNIK
FBgn0011206,3.428157273,66037,BOLL
FBgn0011217,2.667627461,7322,UBE2D2
FBgn0011217,2.667627461,7323,UBE2D3
FBgn0011217,2.667627461,51619,UBE2D4
FBgn0011217,2.667627461,7321,UBE2D1
FBgn0011219,3.568176165,27020,NPTN
FBgn0011219,3.568176165,682,BSG
FBgn0011224,3.312294911,5725,PTBP1
FBgn0011224,3.312294911,9991,ROD1
FBgn0011224,3.312294911,58155,PTBP2
FBgn0011253,1.673381234,1456,CSNK1G3
FBgn0011253,1.673381234,1455,CSNK1G2
FBgn0011253,1.673381234,53944,CSNK1G1
FBgn0011259,3.650344367,80031,SEMA6D
FBgn0011259,3.650344367,57556,SEMA6A
FBgn0011259,3.650344367,10501,SEMA6B
FBgn0011259,3.650344367,10500,SEMA6C
FBgn0011260,3.106931277,10371,SEMA3A
FBgn0011284,1.939451127,6191,RPS4X
FBgn0011284,1.939451127,6192,RPS4Y1
FBgn0011284,1.939451127,140032,RPS4Y2
FBgn0011573,1.943820709,11140,CDC37
FBgn0011573,1.943820709,55664,CDC37L1
FBgn0011577,2.097991393,2262,GPC5
FBgn0011577,2.097991393,2719,GPC3
FBgn0011582,3.090346081,1816,DRD5
FBgn0011582,3.090346081,1812,DRD1
FBgn0011589,3.202243211,131096,KCNH8
FBgn0011589,3.202243211,23416,KCNH3
FBgn0011589,3.202243211,23415,KCNH4
FBgn0011598,1.516213227,1111,CHEK1
FBgn0011603,1.547791016,6540,SLC6A13
FBgn0011603,1.547791016,6529,SLC6A1
FBgn0011648,2.121984436,4086,SMAD1
FBgn0011648,2.121984436,4093,SMAD9
FBgn0011648,2.121984436,4090,SMAD5
FBgn0011655,2.170758286,4089,SMAD4
FBgn0011656,2.635392125,4208,MEF2C
FBgn0011656,2.635392125,4205,MEF2A
FBgn0011656,2.635392125,4209,MEF2D
FBgn0011661,3.024675443,4478,MSN
FBgn0011661,3.024675443,7430,EZR
FBgn0011661,3.024675443,5962,RDX
FBgn0011666,3.902634351,124540,MSI2
FBgn0011672,4.00908625,4891,SLC11A2
FBgn0011672,4.00908625,6556,SLC11A1
FBgn0011674,3.029659886,387755,INSC
FBgn0011676,2.342096721,4842,NOS1
FBgn0011676,2.342096721,4846,NOS3
FBgn0011676,2.342096721,4843,NOS2
FBgn0011723,1.902820404,6862,T
FBgn0011723,1.902820404,9095,TBX19
FBgn0011760,3.69640333,8655,DYNLL1
FBgn0011760,3.69640333,140735,DYNLL2
FBgn0011766,2.002294714,1871,E2F3
FBgn0011766,2.002294714,1869,E2F1
FBgn0011766,2.002294714,1870,E2F2
FBgn0011766,2.002294714,1876,E2F6
FBgn0011817,3.746254384,51701,NLK
FBgn0011826,2.139251257,5530,PPP3CA
FBgn0011826,2.139251257,5532,PPP3CB
FBgn0011826,2.139251257,5533,PPP3CC
FBgn0011828,2.838831741,7837,PXDN
FBgn0011828,2.838831741,137902,PXDNL
FBgn0011837,3.153593829,7538,ZFP36
FBgn0011837,3.153593829,677,ZFP36L1
FBgn0011837,3.153593829,678,ZFP36L2
FBgn0012051,2.092567627,10753,CAPN9
FBgn0012051,2.092567627,825,CAPN3
FBgn0012051,2.092567627,824,CAPN2
FBgn0012051,2.092567627,823,CAPN1
FBgn0013263,2.815952822,112939,NACC1
FBgn0013263,2.815952822,7709,ZBTB17
FBgn0013263,2.815952822,9880,ZBTB39
FBgn0013334,2.629480314,94056,SYAP1
FBgn0013433,1.865793829,253559,CADM2
FBgn0013433,1.865793829,23705,CADM1
FBgn0013467,1.94477586,4900,NRGN
FBgn0013469,3.251720641,116412,ZNF837
FBgn0013469,3.251720641,221785,ZNF498
FBgn0013469,3.251720641,125919,ZNF543
FBgn0013469,3.251720641,1958,EGR1
FBgn0013469,3.251720641,1961,EGR4
FBgn0013469,3.251720641,7490,WT1
FBgn0013469,3.251720641,7570,ZNF22
FBgn0013469,3.251720641,1960,EGR3
FBgn0013469,3.251720641,1959,EGR2
FBgn0013576,1.639630658,135112,NCOA7
FBgn0013576,1.639630658,55074,OXR1
FBgn0013576,1.639630658,140711,C20orf118
FBgn0013591,2.406695942,1108,CHD4
FBgn0013591,2.406695942,1107,CHD3
FBgn0013591,2.406695942,26038,CHD5
FBgn0013718,1.808932139,84440,RAB11FIP4
FBgn0013718,1.808932139,9727,RAB11FIP3
FBgn0013726,2.531255891,989,12:00:00 AM
FBgn0013733,2.046863974,23499,MACF1
FBgn0013733,2.046863974,5339,PLEC
FBgn0013733,2.046863974,667,DST
FBgn0013751,1.93726572,431707,LHX8
FBgn0013751,1.93726572,26468,LHX6
FBgn0013759,3.140076913,8573,CASK
FBgn0013764,2.285409378,9079,LDB2
FBgn0013764,2.285409378,8861,LDB1
FBgn0013770,2.096855061,1515,CTSL2
FBgn0013770,2.096855061,1514,CTSL1
FBgn0013770,2.096855061,1520,CTSS
FBgn0013770,2.096855061,1513,CTSK
FBgn0013948,3.221015413,84458,LCOR
FBgn0013948,3.221015413,254251,LCORL
FBgn0013955,1.657267689,11135,CDC42EP1
FBgn0013955,1.657267689,6850,SYK
FBgn0013955,1.657267689,7535,ZAP70
FBgn0013955,1.657267689,8711,TNK1
FBgn0013973,2.35348796,2983,GUCY1B3
FBgn0013984,2.855456175,3480,IGF1R
FBgn0013984,2.855456175,3643,INSR
FBgn0013984,2.855456175,3645,INSRR
FBgn0013995,2.149140073,6547,SLC8A3
FBgn0013995,2.149140073,6543,SLC8A2
FBgn0013995,2.149140073,6546,SLC8A1
FBgn0014037,2.406695942,22936,ELL2
FBgn0014037,2.406695942,8178,ELL
FBgn0014037,2.406695942,153562,MARVELD2
FBgn0014135,2.213597208,26281,FGF20
FBgn0014135,2.213597208,2247,FGF2
FBgn0014135,2.213597208,2249,FGF4
FBgn0014135,2.213597208,2251,FGF6
FBgn0014135,2.213597208,2246,FGF1
FBgn0014135,2.213597208,2259,FGF14
FBgn0014135,2.213597208,2256,FGF11
FBgn0014135,2.213597208,8823,FGF16
FBgn0014141,1.651489671,2316,FLNA
FBgn0014141,1.651489671,2318,FLNC
FBgn0014141,1.651489671,2317,FLNB
FBgn0014189,1.771805273,7919,DDX39B
FBgn0014189,1.771805273,10212,DDX39A
FBgn0014340,2.624756409,84148,KAT8
FBgn0014362,4.16272856,54039,PCBP3
FBgn0014362,4.16272856,5094,PCBP2
FBgn0014362,4.16272856,5093,PCBP1
FBgn0014362,4.16272856,57060,PCBP4
FBgn0014388,3.348800618,10251,SPRY3
FBgn0014388,3.348800618,81848,SPRY4
FBgn0014388,3.348800618,10253,SPRY2
FBgn0014388,3.348800618,10252,SPRY1
FBgn0014467,2.434468023,1385,CREB1
FBgn0014467,2.434468023,1390,CREM
FBgn0014467,2.434468023,466,ATF1
FBgn0014859,2.690467966,4929,NR4A2
FBgn0014859,2.690467966,8013,NR4A3
FBgn0014859,2.690467966,3164,NR4A1
FBgn0014949,2.020344618,4222,MEOX1
FBgn0014949,2.020344618,4223,MEOX2
FBgn0014963,2.023417137,84444,DOT1L
FBgn0015014,4.807944674,405,ARNT
FBgn0015014,4.807944674,9915,ARNT2
FBgn0015129,3.337981475,146,ADRA1D
FBgn0015129,3.337981475,147,ADRA1B
FBgn0015218,2.393919253,1977,EIF4E
FBgn0015218,2.393919253,253314,EIF4E1B
FBgn0015278,1.858316601,5286,PIK3C2A
FBgn0015278,1.858316601,5287,PIK3C2B
FBgn0015278,1.858316601,5288,PIK3C2G
FBgn0015286,1.517176288,5898,RALA
FBgn0015286,1.517176288,5899,RALB
FBgn0015331,2.111262397,51428,DDX41
FBgn0015380,3.571781184,6259,RYK
FBgn0015381,2.983779737,7101,NR2E1
FBgn0015519,2.789074855,8973,CHRNA6
FBgn0015519,2.789074855,1137,CHRNA4
FBgn0015519,2.789074855,1135,CHRNA2
FBgn0015519,2.789074855,1136,CHRNA3
FBgn0015524,3.68264486,23440,OTP
FBgn0015541,2.842287095,29953,TRHDE
FBgn0015542,3.907695815,3091,HIF1A
FBgn0015542,3.907695815,2034,EPAS1
FBgn0015542,3.907695815,64344,HIF3A
FBgn0015558,1.560845931,94015,TTYH2
FBgn0015558,1.560845931,80727,TTYH3
FBgn0015558,1.560845931,57348,TTYH1
FBgn0015575,1.750457601,23491,CES3
FBgn0015575,1.750457601,590,BCHE
FBgn0015575,1.750457601,43,ACHE
FBgn0015575,1.750457601,283848,CES4A
FBgn0015575,1.750457601,221223,CES5A
FBgn0015575,1.750457601,1066,CES1
FBgn0015600,2.654771881,55088,C10orf118
FBgn0015609,3.347463313,1013,CDH15
FBgn0015609,3.347463313,64072,CDH23
FBgn0015624,1.548995246,2033,EP300
FBgn0015624,1.548995246,1387,CREBBP
FBgn0015721,3.783944105,7275,TUB
FBgn0015721,3.783944105,7289,TULP3
FBgn0015721,3.783944105,7287,TULP1
FBgn0015721,3.783944105,7288,TULP2
FBgn0015773,2.899699402,9423,NTN1
FBgn0015773,2.899699402,4917,NTN3
FBgn0015773,2.899699402,126147,NTN5
FBgn0015774,3.950568368,9423,NTN1
FBgn0015774,3.950568368,4917,NTN3
FBgn0015774,3.950568368,126147,NTN5
FBgn0015776,1.846258116,481,ATP1B1
FBgn0015776,1.846258116,482,ATP1B2
FBgn0015776,1.846258116,23439,ATP1B4
FBgn0015776,1.846258116,483,ATP1B3
FBgn0015789,2.384866239,10890,RAB10
FBgn0015806,1.523399375,6198,RPS6KB1
FBgn0015806,1.523399375,6199,RPS6KB2
FBgn0015907,3.888872075,3190,HNRNPK
FBgn0015954,4.060333813,102,ADAM10
FBgn0016041,1.864864106,10452,TOMM40
FBgn0016041,1.864864106,84134,TOMM40L
FBgn0016061,3.529543344,84063,KIRREL2
FBgn0016061,3.529543344,84623,KIRREL3
FBgn0016061,3.529543344,55243,KIRREL
FBgn0016061,3.529543344,25945,PVRL3
FBgn0016061,3.529543344,114132,SIGLEC11
FBgn0016061,3.529543344,1088,CEACAM8
FBgn0016061,3.529543344,8778,SIGLEC5
FBgn0016061,3.529543344,10461,MERTK
FBgn0016061,3.529543344,89790,SIGLEC10
FBgn0016061,3.529543344,946,SIGLEC6
FBgn0016123,2.106272028,251,ALPPL2
FBgn0016123,2.106272028,250,ALPP
FBgn0016123,2.106272028,248,ALPI
FBgn0016123,2.106272028,249,ALPL
FBgn0016660,2.178144823,57057,TBX20
FBgn0016694,2.146562192,3131,HLF
FBgn0016694,2.146562192,7008,TEF
FBgn0016694,2.146562192,1628,DBP
FBgn0016754,3.558775547,114785,MBD6
FBgn0016797,3.495174347,8325,FZD8
FBgn0016797,3.495174347,7855,FZD5
FBgn0016917,2.254998182,6776,STAT5A
FBgn0016917,2.254998182,6777,STAT5B
FBgn0016917,2.254998182,6778,STAT6
FBgn0016920,1.749333497,23243,ANKRD28
FBgn0016920,1.749333497,91526,ANKRD44
FBgn0016920,1.749333497,283373,ANKRD52
FBgn0016920,1.749333497,27130,INVS
FBgn0016920,1.749333497,79054,TRPM8
FBgn0016920,1.749333497,29850,TRPM5
FBgn0016930,3.677473883,8798,DYRK4
FBgn0016977,1.637968216,23013,SPEN
FBgn0016984,2.692266044,23396,PIP5K1C
FBgn0016984,2.692266044,8394,PIP5K1A
FBgn0016984,2.692266044,8395,PIP5K1B
FBgn0017397,2.243600295,9444,QKI
FBgn0017590,3.249183802,402665,IGLON5
FBgn0017590,3.249183802,340547,VSIG1
FBgn0017590,3.249183802,4685,NCAM2
FBgn0017590,3.249183802,7412,VCAM1
FBgn0017590,3.249183802,4684,NCAM1
FBgn0017590,3.249183802,25945,PVRL3
FBgn0017590,3.249183802,4045,LSAMP
FBgn0017590,3.249183802,50863,NTM
FBgn0017590,3.249183802,58494,JAM2
FBgn0019662,3.008668974,9453,GGPS1
FBgn0020238,2.402645453,7531,YWHAE
FBgn0020245,2.553634508,2131,EXT1
FBgn0020245,2.553634508,2134,EXTL1
FBgn0020251,3.328791048,8509,NDST2
FBgn0020251,3.328791048,3340,NDST1
FBgn0020251,3.328791048,64579,NDST4
FBgn0020251,3.328791048,9348,NDST3
FBgn0020257,1.504783411,144699,FBXL14
FBgn0020294,1.865545137,56977,STOX2
FBgn0020304,1.712564945,3267,AGFG1
FBgn0020304,1.712564945,3268,AGFG2
FBgn0020307,2.073784129,6304,SATB1
FBgn0020371,1.651167069,10440,TIMM17A
FBgn0020371,1.651167069,10245,TIMM17B
FBgn0020378,2.089812125,221833,SP8
FBgn0020378,2.089812125,100131390,SP9
FBgn0020496,3.22824571,1487,CTBP1
FBgn0020496,3.22824571,1488,CTBP2
FBgn0020617,4.175597394,30062,RAX
FBgn0020621,3.124571052,5586,PKN2
FBgn0020621,3.124571052,5585,PKN1
FBgn0020621,3.124571052,29941,PKN3
FBgn0020647,3.881490595,23241,PACS2
FBgn0020647,3.881490595,55690,PACS1
FBgn0020762,2.614419477,9619,ABCG1
FBgn0020762,2.614419477,64137,ABCG4
FBgn0021764,1.539524986,54549,SDK2
FBgn0021764,1.539524986,221935,SDK1
FBgn0021847,3.498634727,145567,TTC7B
FBgn0021847,3.498634727,57217,TTC7A
FBgn0021895,1.505831396,11017,SNRNP27
FBgn0022085,2.4184109,23271,CAMSAP2
FBgn0022085,2.4184109,157922,CAMSAP1
FBgn0022085,2.4184109,57662,CAMSAP3
FBgn0022131,1.64344087,5584,PRKCI
FBgn0022131,1.64344087,5590,PRKCZ
FBgn0022201,2.089657212,22906,TRAK1
FBgn0022201,2.089657212,66008,TRAK2
FBgn0022238,2.143795235,55709,KBTBD4
FBgn0022238,2.143795235,7709,ZBTB17
FBgn0022238,2.143795235,9880,ZBTB39
FBgn0022349,1.767859603,219537,SMTNL1
FBgn0022349,1.767859603,6949,TCOF1
FBgn0022382,2.03138368,5576,PRKAR2A
FBgn0022382,2.03138368,5577,PRKAR2B
FBgn0022710,2.412586958,115,ADCY9
FBgn0022764,2.86705424,25942,SIN3A
FBgn0022764,2.86705424,23309,SIN3B
FBgn0022960,2.527770301,5910,RAP1GDS1
FBgn0023077,1.728457854,255783,PRR24
FBgn0023095,3.176233524,57633,LRRN1
FBgn0023095,3.176233524,10446,LRRN2
FBgn0023095,3.176233524,54674,LRRN3
FBgn0023095,3.176233524,23769,FLRT1
FBgn0023095,3.176233524,23767,FLRT3
FBgn0023095,3.176233524,116844,LRG1
FBgn0023095,3.176233524,1101,CHAD
FBgn0023095,3.176233524,150356,CHADL
FBgn0023095,3.176233524,78999,LRFN4
FBgn0023095,3.176233524,2814,GP5
FBgn0023095,3.176233524,100130733,LRRC70
FBgn0023097,2.49626762,51592,TRIM33
FBgn0023097,2.49626762,8805,TRIM24
FBgn0023097,2.49626762,10155,TRIM28
FBgn0023179,2.645944916,5126,PCSK2
FBgn0023215,1.651074994,4335,MNT
FBgn0023441,2.017217613,54845,ESRP1
FBgn0023441,2.017217613,80004,ESRP2
FBgn0023520,4.926098476,56006,SMG9
FBgn0023521,4.926098476,112970,KTI12
FBgn0023526,2.784678564,6427,SRSF2
FBgn0023531,1.767951819,80725,SRCIN1
FBgn0023531,1.767951819,56243,KIAA1217
FBgn0023540,1.967078479,137735,ABRA
FBgn0023541,1.5580958,57834,CYP4F11
FBgn0023541,1.5580958,8529,CYP4F2
FBgn0023541,1.5580958,11283,CYP4F8
FBgn0023541,1.5580958,126410,CYP4F22
FBgn0023541,1.5580958,66002,CYP4F12
FBgn0023541,1.5580958,4051,CYP4F3
FBgn0024150,1.677813807,114,ADCY8
FBgn0024184,2.716070889,340260,UNCX
FBgn0024189,3.64284233,4868,NPHS1
FBgn0024189,3.64284233,58510,PRODH2
FBgn0024242,4.157074126,1756,DMD
FBgn0024242,4.157074126,7402,UTRN
FBgn0024242,4.157074126,1821,DRP2
FBgn0024245,3.122822738,6259,RYK
FBgn0024273,1.73787405,8976,WASL
FBgn0024273,1.73787405,7454,WAS
FBgn0024277,2.667919246,7204,TRIO
FBgn0024277,2.667919246,8997,KALRN
FBgn0024277,2.667919246,115557,ARHGEF25
FBgn0024290,2.130489732,54899,PXK
FBgn0024308,3.270034755,9612,NCOR2
FBgn0024308,3.270034755,9611,NCOR1
FBgn0024326,1.687819399,6416,MAP2K4
FBgn0024364,2.10098148,51575,ESF1
FBgn0024491,2.019513715,10284,SAP18
FBgn0024510,1.943820709,146059,CDAN1
FBgn0024689,2.720207716,10466,COG5
FBgn0024732,1.87245234,1149,CIDEA
FBgn0024753,2.467944429,2319,FLOT2
FBgn0024836,2.067324599,9620,CELSR1
FBgn0024836,2.067324599,1952,CELSR2
FBgn0024836,2.067324599,1951,CELSR3
FBgn0024944,2.137253664,147,ADRA1B
FBgn0024944,2.137253664,148,ADRA1A
FBgn0024944,2.137253664,254783,OR6C74
FBgn0024944,2.137253664,3361,HTR5A
FBgn0024958,3.416070228,48,ACO1
FBgn0024958,3.416070228,3658,IREB2
FBgn0024963,4.130604587,2741,GLRA1
FBgn0024963,4.130604587,2742,GLRA2
FBgn0024963,4.130604587,441509,GLRA4
FBgn0024963,4.130604587,8001,GLRA3
FBgn0025111,1.623364456,293,SLC25A6
FBgn0025111,1.623364456,291,SLC25A4
FBgn0025111,1.623364456,292,SLC25A5
FBgn0025373,2.116795596,2224,FDPS
FBgn0025390,1.822777275,4585,MUC4
FBgn0025525,2.519088561,112939,NACC1
FBgn0025593,3.205868668,6513,SLC2A1
FBgn0025593,3.205868668,6515,SLC2A3
FBgn0025593,3.205868668,6517,SLC2A4
FBgn0025593,3.205868668,6514,SLC2A2
FBgn0025593,3.205868668,144195,SLC2A14
FBgn0025612,2.840238462,257177,C1orf192
FBgn0025623,2.054924814,130271,PLEKHH2
FBgn0025623,2.054924814,57475,PLEKHH1
FBgn0025628,1.815826725,150209,AIFM3
FBgn0025630,1.780439673,8634,RTCD1
FBgn0025641,2.191323102,23002,DAAM1
FBgn0025641,2.191323102,23500,DAAM2
FBgn0025683,2.405860488,64137,ABCG4
FBgn0025697,1.865862211,948,CD36
FBgn0025702,2.597250447,26576,SRPK3
FBgn0025702,2.597250447,6733,SRPK2
FBgn0025702,2.597250447,6732,SRPK1
FBgn0025777,1.557007286,9455,HOMER2
FBgn0025777,1.557007286,9456,HOMER1
FBgn0025777,1.557007286,9454,HOMER3
FBgn0025839,2.013980263,4701,NDUFA7
FBgn0025864,3.139405461,10260,DENND4A
FBgn0025864,3.139405461,55667,DENND4C
FBgn0025864,3.139405461,9909,DENND4B
FBgn0026058,3.782841136,340260,UNCX
FBgn0026060,2.156928516,9562,MINPP1
FBgn0026084,3.138370284,7117,TMSL3
FBgn0026084,3.138370284,9168,TMSB10
FBgn0026084,3.138370284,7114,TMSB4X
FBgn0026084,3.138370284,9087,TMSB4Y
FBgn0026160,3.89480966,57178,ZMIZ1
FBgn0026160,3.89480966,83637,ZMIZ2
FBgn0026178,2.819368915,23513,SCRIB
FBgn0026178,2.819368915,55227,LRRC1
FBgn0026188,3.875102368,4857,NOVA1
FBgn0026188,3.875102368,4858,NOVA2
FBgn0026206,2.502015626,23321,TRIM2
FBgn0026239,1.96561998,4810,NHS
FBgn0026252,1.62849186,10527,IPO7
FBgn0026252,1.62849186,10526,IPO8
FBgn0026259,2.278208389,9669,EIF5B
FBgn0026401,1.640609465,25836,NIPBL
FBgn0026411,4.146707675,3975,LHX1
FBgn0026411,4.146707675,64211,LHX5
FBgn0026417,2.293096348,3364,HUS1
FBgn0026417,2.293096348,135458,HUS1B
FBgn0026441,3.403683191,4298,MLLT1
FBgn0026441,3.403683191,4300,MLLT3
FBgn0026602,1.616039841,132,ADK
FBgn0026616,1.893417764,4124,MAN2A1
FBgn0026616,1.893417764,4122,MAN2A2
FBgn0026630,1.739673653,10162,LPCAT3
FBgn0026666,3.471514377,81689,ISCA1
FBgn0026713,5.990126824,9785,DHX38
FBgn0026729,1.77469226,26047,CNTNAP2
FBgn0026729,1.77469226,9369,NRXN3
FBgn0026729,1.77469226,9378,NRXN1
FBgn0026729,1.77469226,9379,NRXN2
FBgn0026753,1.608676659,9550,ATP6V1G1
FBgn0026753,1.608676659,534,ATP6V1G2
FBgn0026753,1.608676659,127124,ATP6V1G3
FBgn0026760,1.994372343,26280,IL1RAPL2
FBgn0026760,1.994372343,7097,TLR2
FBgn0026760,1.994372343,81793,TLR10
FBgn0026760,1.994372343,10333,TLR6
FBgn0026760,1.994372343,7100,TLR5
FBgn0026760,1.994372343,7096,TLR1
FBgn0026760,1.994372343,54674,LRRN3
FBgn0026760,1.994372343,7099,TLR4
FBgn0026875,2.967172479,94015,TTYH2
FBgn0026875,2.967172479,80727,TTYH3
FBgn0026875,2.967172479,57348,TTYH1
FBgn0027287,1.747330012,9321,TRIP11
FBgn0027335,1.546980925,22841,RAB11FIP2
FBgn0027335,1.546980925,80223,RAB11FIP1
FBgn0027335,1.546980925,26056,RAB11FIP5
FBgn0027339,3.795048204,79175,ZNF343
FBgn0027339,3.795048204,284459,HKR1
FBgn0027339,3.795048204,7692,ZNF133
FBgn0027339,3.795048204,136051,ZNF786
FBgn0027339,3.795048204,65251,ZNF649
FBgn0027339,3.795048204,79759,ZNF668
FBgn0027339,3.795048204,7652,ZNF99
FBgn0027339,3.795048204,146540,ZNF785
FBgn0027339,3.795048204,25799,ZNF324
FBgn0027339,3.795048204,23660,ZKSCAN5
FBgn0027339,3.795048204,57541,ZNF398
FBgn0027339,3.795048204,7743,ZNF189
FBgn0027343,1.580117078,7855,FZD5
FBgn0027492,4.1719988,5529,PPP2R5E
FBgn0027492,4.1719988,5525,PPP2R5A
FBgn0027492,4.1719988,5526,PPP2R5B
FBgn0027518,1.715406589,84219,WDR24
FBgn0027539,1.504343081,55716,LMBR1L
FBgn0027539,1.504343081,64327,LMBR1
FBgn0027542,3.050985617,5968,REG1B
FBgn0027542,3.050985617,5967,REG1A
FBgn0027542,3.050985617,7062,TCHH
FBgn0027561,1.537843372,57706,DENND1A
FBgn0027561,1.537843372,79958,DENND1C
FBgn0027569,1.538085533,10087,COL4A3BP
FBgn0027571,2.654771881,2194,FASN
FBgn0027580,3.304400622,5091,PC
FBgn0027585,2.403787072,399665,FAM102A
FBgn0027595,2.13954997,79717,PPCS
FBgn0027598,2.531905493,23607,CD2AP
FBgn0027598,2.531905493,30011,SH3KBP1
FBgn0027601,1.991312188,80221,ACSF2
FBgn0027608,3.026858255,57446,NDRG3
FBgn0027655,1.785849808,3064,HTT
FBgn0027932,2.548952933,65108,MARCKSL1
FBgn0027932,2.548952933,4082,MARCKS
FBgn0028369,3.938412737,84623,KIRREL3
FBgn0028369,3.938412737,55243,KIRREL
FBgn0028369,3.938412737,84063,KIRREL2
FBgn0028371,2.206795044,2316,FLNA
FBgn0028386,1.889514091,23152,CIC
FBgn0028406,1.825021831,1677,DFFB
FBgn0028408,1.697657473,1149,CIDEA
FBgn0028421,2.912476101,22920,KIFAP3
FBgn0028426,3.208880707,60528,ELAC2
FBgn0028431,2.673848518,2892,GRIA3
FBgn0028431,2.673848518,2891,GRIA2
FBgn0028431,2.673848518,2893,GRIA4
FBgn0028431,2.673848518,2890,GRIA1
FBgn0028433,2.923181063,51764,GNG13
FBgn0028471,1.717621984,79882,ZC3H14
FBgn0028479,2.285319137,3030,HADHA
FBgn0028481,3.26824234,160335,TMTC2
FBgn0028494,1.906627092,10144,FAM13A
FBgn0028494,1.906627092,51306,FAM13B
FBgn0028494,1.906627092,220965,FAM13C
FBgn0028496,1.579417718,284434,NWD1
FBgn0028496,1.579417718,253769,WDR27
FBgn0028496,1.579417718,6801,STRN
FBgn0028496,1.579417718,29966,STRN3
FBgn0028496,1.579417718,29888,STRN4
FBgn0028496,1.579417718,146845,WDR16
FBgn0028516,2.033778326,7780,SLC30A2
FBgn0028516,2.033778326,7781,SLC30A3
FBgn0028516,2.033778326,169026,SLC30A8
FBgn0028550,3.907091022,467,ATF3
FBgn0028554,1.54056744,6432,SRSF7
FBgn0028554,1.54056744,6428,SRSF3
FBgn0028642,2.279658532,144165,PRICKLE1
FBgn0028642,2.279658532,166336,PRICKLE2
FBgn0028642,2.279658532,4007,PRICKLE3
FBgn0028645,2.009125204,253559,CADM2
FBgn0028645,2.009125204,23705,CADM1
FBgn0028663,2.004914801,8992,ATP6V0E1
FBgn0028663,2.004914801,155066,ATP6V0E2
FBgn0028670,1.660700124,50617,ATP6V0A4
FBgn0028670,1.660700124,535,ATP6V0A1
FBgn0028670,1.660700124,23545,ATP6V0A2
FBgn0028670,1.660700124,10312,TCIRG1
FBgn0028701,2.322558099,84063,KIRREL2
FBgn0028701,2.322558099,84623,KIRREL3
FBgn0028701,2.322558099,55243,KIRREL
FBgn0028704,5.346401513,25769,SLC24A2
FBgn0028734,2.891828392,8087,FXR1
FBgn0028734,2.891828392,9513,FXR2
FBgn0028734,2.891828392,2332,FMR1
FBgn0028836,2.870144243,64708,COPS7B
FBgn0028836,2.870144243,50813,COPS7A
FBgn0028857,2.009125204,128153,SPATA17
FBgn0028875,2.315958426,1139,CHRNA7
FBgn0028875,2.315958426,89832,CHRFAM7A
FBgn0028879,1.894927593,57719,ANO8
FBgn0028952,2.239042171,387,RHOA
FBgn0028961,3.715512338,8811,GALR2
FBgn0028985,1.637953914,5274,SERPINI1
FBgn0028985,1.637953914,5276,SERPINI2
FBgn0028985,1.637953914,6318,SERPINB4
FBgn0028985,1.637953914,1992,SERPINB1
FBgn0028985,1.637953914,5268,SERPINB5
FBgn0028985,1.637953914,6317,SERPINB3
FBgn0028985,1.637953914,5269,SERPINB6
FBgn0028985,1.637953914,462,SERPINC1
FBgn0029006,2.748910143,57154,SMURF1
FBgn0029006,2.748910143,64750,SMURF2
FBgn0029082,3.922956251,4868,NPHS1
FBgn0029082,3.922956251,58510,PRODH2
FBgn0029114,4.817462483,150356,CHADL
FBgn0029114,4.817462483,7097,TLR2
FBgn0029114,4.817462483,51284,TLR7
FBgn0029114,4.817462483,54106,TLR9
FBgn0029114,4.817462483,7098,TLR3
FBgn0029114,4.817462483,7099,TLR4
FBgn0029123,2.040876192,6656,SOX1
FBgn0029123,2.040876192,6657,SOX2
FBgn0029123,2.040876192,6658,SOX3
FBgn0029153,1.600938981,4199,ME1
FBgn0029153,1.600938981,4200,ME2
FBgn0029153,1.600938981,10873,ME3
FBgn0029154,1.600938981,4199,ME1
FBgn0029154,1.600938981,4200,ME2
FBgn0029154,1.600938981,10873,ME3
FBgn0029157,1.540592115,85464,SSH2
FBgn0029157,1.540592115,54434,SSH1
FBgn0029157,1.540592115,54961,SSH3
FBgn0029504,2.965741085,1112,FOXN3
FBgn0029504,2.965741085,3344,FOXN2
FBgn0029518,2.076688242,4014,LOR
FBgn0029591,1.813072301,81691,LOC81691
FBgn0029591,1.813072301,81875,ISG20L2
FBgn0029591,1.813072301,100288470,LOC100288470
FBgn0029591,1.813072301,254958,REXO1L1
FBgn0029591,1.813072301,57455,REXO1
FBgn0029663,2.045883716,340024,SLC6A19
FBgn0029663,2.045883716,348932,SLC6A18
FBgn0029663,2.045883716,54716,SLC6A20
FBgn0029663,2.045883716,388662,SLC6A17
FBgn0029663,2.045883716,55117,SLC6A15
FBgn0029708,1.682847005,2694,GIF
FBgn0029708,1.682847005,6947,TCN1
FBgn0029708,1.682847005,6948,TCN2
FBgn0029714,1.571349563,10436,EMG1
FBgn0029715,1.571349563,11333,PDAP1
FBgn0029720,1.83029419,50487,PLA2G3
FBgn0029723,3.550859795,124274,GPR139
FBgn0029738,3.323519651,58516,FAM60A
FBgn0029747,1.639448799,25790,CCDC19
FBgn0029761,3.356982305,3782,KCNN3
FBgn0029761,3.356982305,3780,KCNN1
FBgn0029761,3.356982305,3781,KCNN2
FBgn0029761,3.356982305,3783,KCNN4
FBgn0029775,2.582088735,30813,VSX1
FBgn0029775,2.582088735,338917,VSX2
FBgn0029779,4.679894598,92736,OTOP2
FBgn0029779,4.679894598,347741,OTOP3
FBgn0029782,1.765761146,92736,OTOP2
FBgn0029814,3.627378375,4589,MUC7
FBgn0029824,3.299040357,7709,ZBTB17
FBgn0029824,3.299040357,9880,ZBTB39
FBgn0029839,1.677813052,51337,C8orf55
FBgn0029840,2.156928516,57521,RPTOR
FBgn0029843,1.77760659,79258,MMEL1
FBgn0029843,1.77760659,4311,MME
FBgn0029843,1.77760659,5251,PHEX
FBgn0029846,2.505483344,8911,CACNA1I
FBgn0029846,2.505483344,8913,CACNA1G
FBgn0029846,2.505483344,8912,CACNA1H
FBgn0029881,3.821298375,10634,GAS2L1
FBgn0029881,3.821298375,246176,GAS2L2
FBgn0029895,2.562590149,51586,MED15
FBgn0029939,2.651705509,64919,BCL11B
FBgn0029939,2.651705509,53335,BCL11A
FBgn0029939,2.651705509,162979,ZNF296
FBgn0030027,2.078282959,10699,CORIN
FBgn0030061,1.780115223,29997,GLTSCR2
FBgn0030065,3.19109473,7936,RDBP
FBgn0030073,4.056316383,79154,DHRS11
FBgn0030077,1.552374601,84445,LZTS2
FBgn0030093,1.692674195,6605,SMARCE1
FBgn0030191,2.443884451,10982,MAPRE2
FBgn0030191,2.443884451,22919,MAPRE1
FBgn0030191,2.443884451,22924,MAPRE3
FBgn0030230,1.643706857,22895,RPH3A
FBgn0030230,1.643706857,8448,DOC2A
FBgn0030230,1.643706857,8447,DOC2B
FBgn0030235,3.899451814,10642,IGF2BP1
FBgn0030235,3.899451814,10644,IGF2BP2
FBgn0030235,3.899451814,10643,IGF2BP3
FBgn0030240,1.557185283,54739,XAF1
FBgn0030240,1.557185283,162963,ZNF610
FBgn0030240,1.557185283,148254,ZNF555
FBgn0030240,1.557185283,79088,ZNF426
FBgn0030240,1.557185283,58492,ZNF77
FBgn0030240,1.557185283,10127,ZNF263
FBgn0030240,1.557185283,147657,ZNF480
FBgn0030240,1.557185283,7761,ZNF214
FBgn0030240,1.557185283,7589,ZSCAN21
FBgn0030240,1.557185283,79175,ZNF343
FBgn0030240,1.557185283,84765,ZNF577
FBgn0030240,1.557185283,7692,ZNF133
FBgn0030240,1.557185283,55762,ZNF701
FBgn0030240,1.557185283,148156,ZNF558
FBgn0030240,1.557185283,64412,GZF1
FBgn0030243,1.589232415,1822,ATN1
FBgn0030243,1.589232415,155435,RBM33
FBgn0030243,1.589232415,5545,PRB4
FBgn0030243,1.589232415,5554,PRH1
FBgn0030243,1.589232415,5542,PRB1
FBgn0030243,1.589232415,5555,PRH2
FBgn0030256,1.583806864,157869,C8orf84
FBgn0030281,2.131273073,80333,KCNIP4
FBgn0030281,2.131273073,30819,KCNIP2
FBgn0030281,2.131273073,30818,KCNIP3
FBgn0030281,2.131273073,30820,KCNIP1
FBgn0030286,2.912476101,26130,GAPVD1
FBgn0030306,1.704151035,9789,SPCS2
FBgn0030331,1.728457854,22987,SV2C
FBgn0030349,1.943159534,57101,ANO2
FBgn0030349,1.943159534,55107,ANO1
FBgn0030400,2.78077069,64207,IRF2BPL
FBgn0030400,2.78077069,359948,IRF2BP2
FBgn0030400,2.78077069,26145,IRF2BP1
FBgn0030425,1.550150942,3792,KEL
FBgn0030425,1.550150942,9718,ECE2
FBgn0030425,1.550150942,5251,PHEX
FBgn0030425,1.550150942,1889,ECE1
FBgn0030425,1.550150942,9427,ECEL1
FBgn0030425,1.550150942,79258,MMEL1
FBgn0030425,1.550150942,4311,MME
FBgn0030444,1.705217877,84253,GARNL3
FBgn0030444,1.705217877,7249,TSC2
FBgn0030459,2.10598638,84106,PRAM1
FBgn0030460,2.065737097,84274,COQ5
FBgn0030466,1.690415329,25960,GPR124
FBgn0030466,1.690415329,166647,GPR125
FBgn0030466,1.690415329,84435,GPR123
FBgn0030504,2.374914845,23223,RRP12
FBgn0030505,1.54213682,10725,NFAT5
FBgn0030505,1.54213682,4772,NFATC1
FBgn0030505,1.54213682,4773,NFATC2
FBgn0030505,1.54213682,4776,NFATC4
FBgn0030505,1.54213682,4775,NFATC3
FBgn0030562,2.368741358,221476,PI16
FBgn0030577,1.754133434,23608,MKRN1
FBgn0030577,1.754133434,7681,MKRN3
FBgn0030577,1.754133434,23609,MKRN2
FBgn0030591,2.467944429,55349,CHDH
FBgn0030600,3.669885193,23077,MYCBP2
FBgn0030613,1.746912648,8567,MADD
FBgn0030626,2.51252997,4861,NPAS1
FBgn0030626,2.51252997,56938,ARNTL2
FBgn0030676,1.500057902,728489,DNLZ
FBgn0030686,1.518207714,11222,MRPL3
FBgn0030758,2.444694389,5530,PPP3CA
FBgn0030758,2.444694389,5532,PPP3CB
FBgn0030758,2.444694389,5533,PPP3CC
FBgn0030772,1.67638369,5413,12:00:00 AM
FBgn0030772,1.67638369,5414,12:00:00 AM
FBgn0030812,3.407463773,51322,WAC
FBgn0030830,1.870393654,93099,DMKN
FBgn0030830,1.870393654,4014,LOR
FBgn0030833,1.589060938,64848,YTHDC2
FBgn0030842,2.831298959,9639,ARHGEF10
FBgn0030842,2.831298959,55160,ARHGEF10L
FBgn0030886,2.02730353,394263,MUC21
FBgn0030887,2.797148236,342035,GLDN
FBgn0030890,1.918875903,9213,XPR1
FBgn0030891,1.918875903,10474,TADA3
FBgn0030897,2.529758537,23413,NCS1
FBgn0030940,1.859788659,1758,DMP1
FBgn0030940,1.859788659,6407,SEMG2
FBgn0030941,2.453829778,7293,TNFRSF4
FBgn0030943,1.733988058,129401,NUP35
FBgn0030947,1.534775057,4225,MEP1B
FBgn0030950,1.701118336,26517,TIMM13
FBgn0030950,1.701118336,886,CCKAR
FBgn0030950,1.701118336,887,CCKBR
FBgn0030961,1.548385188,25998,IBTK
FBgn0030961,1.548385188,339745,SPOPL
FBgn0030961,1.548385188,8405,SPOP
FBgn0030973,2.11261545,80013,FAM188A
FBgn0030997,2.311654029,27315,PGAP2
FBgn0031016,3.604664794,78999,LRFN4
FBgn0031016,3.604664794,441381,LRRC24
FBgn0031016,3.604664794,57622,LRFN1
FBgn0031030,1.565061816,57551,TAOK1
FBgn0031030,1.565061816,51347,TAOK3
FBgn0031030,1.565061816,9344,TAOK2
FBgn0031052,1.894080723,25909,AHCTF1
FBgn0031071,2.695091696,163071,ZNF114
FBgn0031081,2.032503031,1889,ECE1
FBgn0031081,2.032503031,9718,ECE2
FBgn0031121,2.367824574,860,RUNX2
FBgn0031121,2.367824574,861,RUNX1
FBgn0031149,1.785970973,3703,STT3A
FBgn0031150,1.883472865,11149,BVES
FBgn0031150,1.883472865,64091,POPDC2
FBgn0031150,1.883472865,64208,POPDC3
FBgn0031171,6.727495092,21,ABCA3
FBgn0031171,6.727495092,23461,ABCA5
FBgn0031180,1.759067645,402665,IGLON5
FBgn0031180,1.759067645,4978,OPCML
FBgn0031180,1.759067645,50863,NTM
FBgn0031180,1.759067645,7412,VCAM1
FBgn0031180,1.759067645,4684,NCAM1
FBgn0031180,1.759067645,4685,NCAM2
FBgn0031187,2.652523906,9099,USP2
FBgn0031187,2.652523906,27005,USP21
FBgn0031190,1.567527267,7783,ZP2
FBgn0031238,2.581444079,64118,DUS1L
FBgn0031261,1.724052121,285242,HTR3E
FBgn0031261,1.724052121,3359,HTR3A
FBgn0031275,2.131247767,165829,GPR156
FBgn0031294,4.09788651,5798,PTPRN
FBgn0031294,4.09788651,5799,PTPRN2
FBgn0031299,3.825526606,167359,NIM1
FBgn0031349,2.610248615,121227,LRIG3
FBgn0031349,2.610248615,9860,LRIG2
FBgn0031349,2.610248615,26018,LRIG1
FBgn0031349,2.610248615,203190,LGI3
FBgn0031349,2.610248615,2814,GP5
FBgn0031349,2.610248615,3483,IGFALS
FBgn0031374,1.638232604,284403,WDR62
FBgn0031374,1.638232604,23005,MAPKBP1
FBgn0031375,1.731734715,55079,FEZF2
FBgn0031375,1.731734715,389549,FEZF1
FBgn0031384,1.85178325,9870,KIAA0317
FBgn0031390,5.783056217,57187,THOC2
FBgn0031413,3.735601143,100129480,LOC100129480
FBgn0031414,3.735601143,375790,AGRN
FBgn0031414,3.735601143,25992,SNED1
FBgn0031414,3.735601143,23418,CRB1
FBgn0031414,3.735601143,1463,NCAN
FBgn0031414,3.735601143,1462,VCAN
FBgn0031459,3.143828458,3094,HINT1
FBgn0031459,3.143828458,84681,HINT2
FBgn0031460,3.143828458,285282,RABL3
FBgn0031484,2.605340221,11277,TREX1
FBgn0031530,3.710004931,2590,GALNT2
FBgn0031568,2.127254379,9122,SLC16A4
FBgn0031568,2.127254379,220963,SLC16A9
FBgn0031568,2.127254379,151473,SLC16A14
FBgn0031568,2.127254379,6567,SLC16A2
FBgn0031568,2.127254379,117247,SLC16A10
FBgn0031607,1.665909837,54952,TRNAU1AP
FBgn0031627,2.447765244,4684,NCAM1
FBgn0031627,2.447765244,4685,NCAM2
FBgn0031627,2.447765244,7412,VCAM1
FBgn0031627,2.447765244,81607,PVRL4
FBgn0031645,2.183176419,2542,SLC37A4
FBgn0031645,2.183176419,63910,SLC17A9
FBgn0031698,1.843757441,23054,NCOA6
FBgn0031725,2.938482483,7412,VCAM1
FBgn0031725,2.938482483,4684,NCAM1
FBgn0031725,2.938482483,4685,NCAM2
FBgn0031736,3.098605645,25983,NGDN
FBgn0031738,3.120249855,11041,B3GNT1
FBgn0031762,1.899534304,10044,SH2D3C
FBgn0031762,1.899534304,8412,BCAR3
FBgn0031762,1.899534304,10045,SH2D3A
FBgn0031763,1.692850132,7161,TP73
FBgn0031763,1.692850132,8626,TP63
FBgn0031763,1.692850132,7157,TP53
FBgn0031763,1.692850132,161394,SAMD15
FBgn0031809,1.665940295,50863,NTM
FBgn0031809,1.665940295,3792,KEL
FBgn0031809,1.665940295,9718,ECE2
FBgn0031809,1.665940295,5251,PHEX
FBgn0031809,1.665940295,1889,ECE1
FBgn0031809,1.665940295,9427,ECEL1
FBgn0031809,1.665940295,79258,MMEL1
FBgn0031809,1.665940295,4311,MME
FBgn0031809,1.665940295,2248,FGF3
FBgn0031835,2.202441561,57628,DPP10
FBgn0031835,2.202441561,1804,DPP6
FBgn0031837,1.891914133,50863,NTM
FBgn0031837,1.891914133,402665,IGLON5
FBgn0031845,2.304734566,2592,GALT
FBgn0031850,2.63816668,1311,COMP
FBgn0031850,2.63816668,7060,THBS4
FBgn0031850,2.63816668,7059,THBS3
FBgn0031850,2.63816668,7058,THBS2
FBgn0031850,2.63816668,7057,THBS1
FBgn0031854,2.486485198,164714,TTLL8
FBgn0031854,2.486485198,26140,TTLL3
FBgn0031866,1.811917241,22871,NLGN1
FBgn0031866,1.811917241,54413,NLGN3
FBgn0031866,1.811917241,57555,NLGN2
FBgn0031866,1.811917241,57502,NLGN4X
FBgn0031866,1.811917241,22829,NLGN4Y
FBgn0031993,2.283632915,63895,PIEZO2
FBgn0031993,2.283632915,9780,PIEZO1
FBgn0032010,1.697896051,113746,ODF3
FBgn0032010,1.697896051,440836,ODF3B
FBgn0032129,2.834332579,57158,JPH2
FBgn0032129,2.834332579,56704,JPH1
FBgn0032129,2.834332579,57338,JPH3
FBgn0032151,3.211828018,1139,CHRNA7
FBgn0032151,3.211828018,89832,CHRFAM7A
FBgn0032156,1.606313633,9811,CTIF
FBgn0032156,1.606313633,57409,MIF4GD
FBgn0032171,2.87333376,8625,RFXANK
FBgn0032171,2.87333376,57763,ANKRA2
FBgn0032187,2.147423894,5592,PRKG1
FBgn0032187,2.147423894,5593,PRKG2
FBgn0032224,1.578069487,22929,SEPHS1
FBgn0032225,1.578069487,84978,FRMD5
FBgn0032225,1.578069487,257019,FRMD3
FBgn0032276,2.368793008,23567,ZNF346
FBgn0032330,2.060968018,148398,SAMD11
FBgn0032446,1.674812233,112752,IFT43
FBgn0032447,1.674812233,9463,PICK1
FBgn0032457,1.522901174,11041,B3GNT1
FBgn0032469,2.063120873,7701,ZNF142
FBgn0032470,3.844188458,150737,TTC30B
FBgn0032470,3.844188458,92104,TTC30A
FBgn0032522,2.913893023,80308,FLAD1
FBgn0032586,2.508711899,7266,DNAJC7
FBgn0032593,2.411764869,7223,TRPC4
FBgn0032593,2.411764869,7224,TRPC5
FBgn0032593,2.411764869,7220,TRPC1
FBgn0032615,1.762154601,83693,HSDL1
FBgn0032627,2.307667253,23705,CADM1
FBgn0032629,2.147767323,23705,CADM1
FBgn0032631,3.210122535,93099,DMKN
FBgn0032653,1.93885207,51760,SYT17
FBgn0032655,2.130662002,1006,CDH8
FBgn0032655,2.130662002,1005,CDH7
FBgn0032661,2.946671963,131578,LRRC15
FBgn0032661,2.946671963,2814,GP5
FBgn0032661,2.946671963,1370,CPN2
FBgn0032661,2.946671963,375387,LRRC33
FBgn0032661,2.946671963,150356,CHADL
FBgn0032661,2.946671963,1101,CHAD
FBgn0032661,2.946671963,26254,OPTC
FBgn0032675,1.791027808,64180,DPEP3
FBgn0032681,1.888109684,152137,CCDC50
FBgn0032723,1.623130968,49855,SCAPER
FBgn0032731,2.6920562,80303,EFHD1
FBgn0032731,2.6920562,79180,EFHD2
FBgn0032750,6.102653034,11062,DUS4L
FBgn0032768,1.893854174,146849,CCDC42
FBgn0032768,1.893854174,387885,CCDC42B
FBgn0032793,1.658726396,348180,CTU2
FBgn0032817,4.941869947,7541,ZFP161
FBgn0032817,4.941869947,199745,THAP8
FBgn0032817,4.941869947,80764,THAP7
FBgn0032817,4.941869947,56906,THAP10
FBgn0032817,4.941869947,5612,PRKRIR
FBgn0032857,1.936083379,79823,CAMKMT
FBgn0032871,2.780823698,29058,C20orf30
FBgn0032872,3.097099006,83696,TRAPPC9
FBgn0032886,3.316378865,83641,FAM107B
FBgn0032901,1.501776706,57465,TBC1D24
FBgn0032938,2.350909724,284611,FAM102B
FBgn0032938,2.350909724,399665,FAM102A
FBgn0032940,2.205690101,22877,MLXIP
FBgn0032940,2.205690101,51085,MLXIPL
FBgn0032976,1.969722655,389813,C9orf172
FBgn0032979,2.992547321,342357,ZKSCAN2
FBgn0032979,2.992547321,7580,ZNF32
FBgn0032979,2.992547321,7629,ZNF76
FBgn0032979,2.992547321,54925,ZNF434
FBgn0033015,1.752667705,5977,DPF2
FBgn0033015,1.752667705,8193,DPF1
FBgn0033015,1.752667705,8110,DPF3
FBgn0033058,2.07316267,680,BRS3
FBgn0033058,2.07316267,4829,NMBR
FBgn0033058,2.07316267,2925,GRPR
FBgn0033073,3.133039122,56257,MEPCE
FBgn0033121,1.783797184,64816,CYP3A43
FBgn0033121,1.783797184,1551,CYP3A7
FBgn0033121,1.783797184,1576,CYP3A4
FBgn0033121,1.783797184,1577,CYP3A5
FBgn0033121,1.783797184,6916,TBXAS1
FBgn0033156,2.521561579,3619,INCENP
FBgn0033159,2.485769984,57453,DSCAML1
FBgn0033159,2.485769984,1826,DSCAM
FBgn0033166,3.012881104,55840,EAF2
FBgn0033166,3.012881104,85403,EAF1
FBgn0033192,1.701451352,10699,CORIN
FBgn0033194,2.05125952,23230,VPS13A
FBgn0033194,2.05125952,54832,VPS13C
FBgn0033196,2.917362919,55640,FLVCR2
FBgn0033196,2.917362919,28982,FLVCR1
FBgn0033252,1.55147771,22807,IKZF2
FBgn0033282,2.999406261,11281,POU6F2
FBgn0033316,3.467906239,2733,GLE1
FBgn0033317,3.036309295,55854,ZC3H15
FBgn0033365,1.842033047,339105,PRSS53
FBgn0033365,1.842033047,146547,PRSS36
FBgn0033368,3.16399075,151258,SLC38A11
FBgn0033369,2.247258212,6050,RNH1
FBgn0033417,2.7380243,23261,CAMTA1
FBgn0033417,2.7380243,23125,CAMTA2
FBgn0033426,1.596592189,51559,NT5DC3
FBgn0033426,1.596592189,64943,NT5DC2
FBgn0033438,3.793008432,4326,MMP17
FBgn0033438,3.793008432,64386,MMP25
FBgn0033441,1.563748636,85366,MYLK2
FBgn0033441,1.563748636,91807,MYLK3
FBgn0033476,3.534102575,129642,MBOAT2
FBgn0033476,3.534102575,154141,MBOAT1
FBgn0033476,3.534102575,619373,MBOAT4
FBgn0033478,1.788252287,64094,SMOC2
FBgn0033478,1.788252287,64093,SMOC1
FBgn0033500,2.212176834,55790,CSGALNACT1
FBgn0033500,2.212176834,55454,CSGALNACT2
FBgn0033524,1.592575188,1591,CYP24A1
FBgn0033524,1.592575188,1593,CYP27A1
FBgn0033524,1.592575188,1594,CYP27B1
FBgn0033524,1.592575188,339761,CYP27C1
FBgn0033544,1.663301686,55284,UBE2W
FBgn0033615,2.160253696,55280,CWF19L1
FBgn0033636,3.663446128,29994,BAZ2B
FBgn0033636,3.663446128,11176,BAZ2A
FBgn0033668,2.313890647,4087,SMAD2
FBgn0033679,2.938855628,622,BDH1
FBgn0033679,2.938855628,8608,RDH16
FBgn0033687,1.727772386,10126,DNAL4
FBgn0033744,1.756243933,1394,CRHR1
FBgn0033744,1.756243933,1395,CRHR2
FBgn0033764,2.212137349,1534,CYB561
FBgn0033791,3.756659077,6259,RYK
FBgn0033865,1.913758408,79577,CDC73
FBgn0033870,2.040788178,55799,CACNA2D3
FBgn0033870,2.040788178,93589,CACNA2D4
FBgn0033925,1.753634251,10617,STAMBP
FBgn0033973,3.549427129,3257,HPS1
FBgn0033987,3.082052267,57513,CASKIN2
FBgn0033987,3.082052267,57524,CASKIN1
FBgn0033989,2.379743162,25813,SAMM50
FBgn0033994,2.806424022,79066,METTL16
FBgn0034012,3.239224211,10002,NR2E3
FBgn0034046,2.175192636,55093,WDYHV1
FBgn0034070,3.662929645,133584,EGFLAM
FBgn0034071,1.896227762,91304,C19orf6
FBgn0034072,2.215839928,1605,DAG1
FBgn0034075,1.781554242,444,ASPH
FBgn0034076,1.855542856,23491,CES3
FBgn0034076,1.855542856,590,BCHE
FBgn0034076,1.855542856,43,ACHE
FBgn0034136,2.58158612,6530,SLC6A2
FBgn0034136,2.58158612,6531,SLC6A3
FBgn0034137,1.690697467,646643,SBK2
FBgn0034137,1.690697467,388228,SBK1
FBgn0034142,6.018396548,55711,FAR2
FBgn0034142,6.018396548,84188,FAR1
FBgn0034142,6.018396548,440905,LOC440905
FBgn0034145,1.968491928,55711,FAR2
FBgn0034145,1.968491928,84188,FAR1
FBgn0034251,2.483100142,4723,NDUFV1
FBgn0034327,1.823509236,51527,C14orf129
FBgn0034355,1.745446886,388662,SLC6A17
FBgn0034355,1.745446886,55117,SLC6A15
FBgn0034355,1.745446886,348932,SLC6A18
FBgn0034355,1.745446886,54716,SLC6A20
FBgn0034355,1.745446886,340024,SLC6A19
FBgn0034356,2.454477386,5105,PCK1
FBgn0034356,2.454477386,5106,PCK2
FBgn0034389,2.31498842,79772,MCTP1
FBgn0034389,2.31498842,55784,MCTP2
FBgn0034396,1.989310064,339451,KLHL17
FBgn0034420,2.464728858,5583,PRKCH
FBgn0034420,2.464728858,25966,C2CD2
FBgn0034420,2.464728858,9854,C2CD2L
FBgn0034421,1.989664267,8491,MAP4K3
FBgn0034421,1.989664267,11183,MAP4K5
FBgn0034421,1.989664267,5871,MAP4K2
FBgn0034421,1.989664267,11184,MAP4K1
FBgn0034434,4.163400039,6236,RRAD
FBgn0034434,4.163400039,28954,REM1
FBgn0034434,4.163400039,2669,GEM
FBgn0034434,4.163400039,161253,REM2
FBgn0034485,2.376795774,79442,LRRC2
FBgn0034504,2.817731634,84530,SRRM4
FBgn0034543,2.088455813,84191,FAM96A
FBgn0034570,3.72015921,9923,ZBTB40
FBgn0034590,1.668626954,9223,MAGI1
FBgn0034590,1.668626954,9863,MAGI2
FBgn0034590,1.668626954,260425,MAGI3
FBgn0034603,3.574403055,2992,GYG1
FBgn0034603,3.574403055,8908,GYG2
FBgn0034606,3.370828738,23368,PPP1R13B
FBgn0034606,3.370828738,7159,TP53BP2
FBgn0034612,1.739837422,10257,ABCC4
FBgn0034629,1.858750609,51,ACOX1
FBgn0034644,1.566748977,9807,IP6K1
FBgn0034644,1.566748977,117283,IP6K3
FBgn0034644,1.566748977,51447,IP6K2
FBgn0034659,2.10862298,10656,KHDRBS3
FBgn0034659,2.10862298,202559,KHDRBS2
FBgn0034659,2.10862298,10657,KHDRBS1
FBgn0034720,3.387482776,23254,KAZN
FBgn0034738,3.638488291,29116,MYLIP
FBgn0034763,2.790528464,10138,YAF2
FBgn0034763,2.790528464,23429,RYBP
FBgn0034775,3.459091737,1260,CNGA2
FBgn0034775,3.459091737,54714,CNGB3
FBgn0034775,3.459091737,1258,CNGB1
FBgn0034789,2.699133483,8394,PIP5K1A
FBgn0034789,2.699133483,23396,PIP5K1C
FBgn0034789,2.699133483,8395,PIP5K1B
FBgn0034876,1.563774942,11171,STRAP
FBgn0034886,2.550851805,8622,PDE8B
FBgn0034886,2.550851805,5151,PDE8A
FBgn0034903,2.160774691,11096,ADAMTS5
FBgn0034915,1.505831396,3692,EIF6
FBgn0034962,2.285409378,23592,LEMD3
FBgn0034962,2.285409378,221496,LEMD2
FBgn0034997,2.588628409,6609,SMPD1
FBgn0035010,1.714441797,2844,GPR21
FBgn0035010,1.714441797,9293,GPR52
FBgn0035034,1.545138956,79645,EFCAB1
FBgn0035035,1.545138956,154743,C7orf60
FBgn0035037,2.373809039,57523,NYNRIN
FBgn0035128,1.920417393,23229,ARHGEF9
FBgn0035128,1.920417393,50649,ARHGEF4
FBgn0035134,2.142116701,64393,ZMAT3
FBgn0035134,2.142116701,84460,ZMAT1
FBgn0035134,2.142116701,79750,ZNF385D
FBgn0035134,2.142116701,25946,ZNF385A
FBgn0035134,2.142116701,151126,ZNF385B
FBgn0035134,2.142116701,79698,ZMAT4
FBgn0035136,2.312410648,988,CDC5L
FBgn0035157,3.221116231,5612,PRKRIR
FBgn0035192,2.919070746,3775,KCNK1
FBgn0035192,2.919070746,9424,KCNK6
FBgn0035192,2.919070746,10089,KCNK7
FBgn0035192,2.919070746,83795,KCNK16
FBgn0035193,1.906247577,2006,ELN
FBgn0035253,1.555617726,23524,SRRM2
FBgn0035255,1.9562299,83871,RAB34
FBgn0035255,1.9562299,9609,RAB36
FBgn0035256,1.515659248,79819,WDR78
FBgn0035287,2.223374095,64377,CHST8
FBgn0035290,2.144096519,949,SCARB1
FBgn0035292,2.078401682,120237,DBX1
FBgn0035292,2.078401682,440097,DBX2
FBgn0035367,1.593026691,22999,RIMS1
FBgn0035376,2.096574099,200424,TET3
FBgn0035376,2.096574099,80312,TET1
FBgn0035376,2.096574099,54790,TET2
FBgn0035378,3.473059756,80319,CXXC4
FBgn0035378,3.473059756,51523,CXXC5
FBgn0035397,3.196325374,255967,PAN3
FBgn0035398,1.73050751,1118,CHIT1
FBgn0035398,1.73050751,27159,CHIA
FBgn0035398,1.73050751,1116,CHI3L1
FBgn0035422,1.74259608,6158,RPL28
FBgn0035425,2.071894161,5494,PPM1A
FBgn0035425,2.071894161,5495,PPM1B
FBgn0035432,1.983485694,7779,SLC30A1
FBgn0035432,1.983485694,55532,SLC30A10
FBgn0035454,3.025980735,688,KLF5
FBgn0035481,4.491602234,83482,SCRT1
FBgn0035481,4.491602234,85508,SCRT2
FBgn0035500,1.556401134,9053,MAP7
FBgn0035500,1.556401134,79649,MAP7D3
FBgn0035500,1.556401134,55700,MAP7D1
FBgn0035500,1.556401134,256714,MAP7D2
FBgn0035507,1.611037274,23218,NBEAL2
FBgn0035518,1.939083809,152518,NFXL1
FBgn0035538,3.140961301,9293,GPR52
FBgn0035538,3.140961301,2844,GPR21
FBgn0035552,1.757036075,7532,YWHAG
FBgn0035553,5.372015214,4135,MAP6
FBgn0035574,4.922212031,50650,ARHGEF3
FBgn0035574,4.922212031,10276,NET1
FBgn0035610,1.527712315,4886,NPY1R
FBgn0035625,2.951059887,639,PRDM1
FBgn0035625,2.951059887,257101,ZNF683
FBgn0035649,1.576287502,9213,XPR1
FBgn0035709,2.360657594,1977,EIF4E
FBgn0035709,2.360657594,253314,EIF4E1B
FBgn0035710,2.106278673,162387,MFSD6L
FBgn0035710,2.106278673,54842,MFSD6
FBgn0035733,2.146640543,51655,RASD1
FBgn0035733,2.146640543,23551,RASD2
FBgn0035771,2.359034203,11231,SEC63
FBgn0035802,1.873956288,25894,PLEKHG4
FBgn0035802,1.873956288,55701,ARHGEF40
FBgn0035802,1.873956288,153478,PLEKHG4B
FBgn0035802,1.873956288,85449,KIAA1755
FBgn0035844,1.903499554,64710,NUCKS1
FBgn0035938,3.553075632,132864,CPEB2
FBgn0035938,3.553075632,22849,CPEB3
FBgn0035938,3.553075632,80315,CPEB4
FBgn0035983,1.629645869,55016,12:00:00 AM
FBgn0035983,1.629645869,220972,12:00:00 AM
FBgn0035989,2.535655622,79969,ATAT1
FBgn0036043,1.569128213,6508,SLC4A3
FBgn0036043,1.569128213,6522,SLC4A2
FBgn0036043,1.569128213,6521,SLC4A1
FBgn0036124,1.5251779,10153,CEBPZ
FBgn0036144,2.860086969,135152,B3GAT2
FBgn0036158,2.968752182,51390,AIG1
FBgn0036158,2.968752182,84830,C6orf105
FBgn0036172,2.400060275,81532,MOB2
FBgn0036179,3.712339384,59269,HIVEP3
FBgn0036179,3.712339384,55311,ZNF444
FBgn0036196,1.640249807,114907,FBXO32
FBgn0036196,1.640249807,26260,FBXO25
FBgn0036257,1.963836287,392,ARHGAP1
FBgn0036257,1.963836287,553158,PRR5-ARHGAP8
FBgn0036267,2.253962861,84243,ZDHHC18
FBgn0036267,2.253962861,79683,ZDHHC14
FBgn0036268,3.182322065,84243,ZDHHC18
FBgn0036268,3.182322065,79683,ZDHHC14
FBgn0036272,1.829477407,6611,SMS
FBgn0036279,2.135463558,6558,SLC12A2
FBgn0036279,2.135463558,6557,SLC12A1
FBgn0036279,2.135463558,6559,SLC12A3
FBgn0036285,2.227042147,84528,RHOXF2
FBgn0036285,2.227042147,7849,PAX8
FBgn0036285,2.227042147,5079,PAX5
FBgn0036285,2.227042147,5076,PAX2
FBgn0036302,3.68049841,345079,ANKRD56
FBgn0036302,3.68049841,134548,ANKRD43
FBgn0036302,3.68049841,347454,ANKRD58
FBgn0036302,3.68049841,65124,ANKRD57
FBgn0036312,1.582840901,81543,LRRC3
FBgn0036312,1.582840901,116135,LRRC3B
FBgn0036319,2.075631355,222962,SLC29A4
FBgn0036340,1.939451127,10250,SRRM1
FBgn0036348,2.472949724,80217,WDR96
FBgn0036369,2.16121385,56940,DUSP22
FBgn0036369,2.16121385,128853,DUSP15
FBgn0036374,1.87799753,55578,FAM48A
FBgn0036379,2.827695128,56853,CELF4
FBgn0036379,2.827695128,60677,CELF6
FBgn0036379,2.827695128,11189,CELF3
FBgn0036379,2.827695128,60680,CELF5
FBgn0036396,1.703325015,389549,FEZF1
FBgn0036396,1.703325015,55079,FEZF2
FBgn0036396,1.703325015,84878,ZBTB45
FBgn0036396,1.703325015,148254,ZNF555
FBgn0036396,1.703325015,124961,ZFP3
FBgn0036396,1.703325015,401509,ZNF658B
FBgn0036396,1.703325015,136259,KLF14
FBgn0036396,1.703325015,147657,ZNF480
FBgn0036396,1.703325015,7554,ZNF8
FBgn0036396,1.703325015,100289635,ZNF605
FBgn0036396,1.703325015,125919,ZNF543
FBgn0036398,1.738985074,55209,SETD5
FBgn0036398,1.738985074,55904,MLL5
FBgn0036415,1.677915014,5478,PPIA
FBgn0036437,1.816910207,139212,CXorf41
FBgn0036456,2.248345915,24139,EML2
FBgn0036456,2.248345915,27436,EML4
FBgn0036456,2.248345915,2009,EML1
FBgn0036463,2.214539529,8434,RECK
FBgn0036478,4.119729099,1503,CTPS
FBgn0036478,4.119729099,56474,CTPS2
FBgn0036516,1.689721734,54926,UBE2R2
FBgn0036516,1.689721734,997,CDC34
FBgn0036518,5.803118785,57569,ARHGAP20
FBgn0036541,2.192414228,4620,MYH2
FBgn0036542,3.603466716,441509,GLRA4
FBgn0036544,3.070909189,84446,BRSK1
FBgn0036544,3.070909189,9024,BRSK2
FBgn0036556,1.5538766,58190,CTDSP1
FBgn0036556,1.5538766,10217,CTDSPL
FBgn0036556,1.5538766,10106,CTDSP2
FBgn0036576,4.427863881,56937,PMEPA1
FBgn0036576,4.427863881,753,C18orf1
FBgn0036661,2.737352527,23589,CARHSP1
FBgn0036661,2.737352527,27254,CSDC2
FBgn0036672,5.326354746,2274,FHL2
FBgn0036673,5.326354746,2274,FHL2
FBgn0036697,1.975604967,79641,ROGDI
FBgn0036717,3.626224065,25890,ABI3BP
FBgn0036717,3.626224065,9656,MDC1
FBgn0036732,7.652062003,11309,SLCO2B1
FBgn0036732,7.652062003,6578,SLCO2A1
FBgn0036732,7.652062003,28232,SLCO3A1
FBgn0036733,7.890924477,9128,PRPF4
FBgn0036735,3.666353653,80153,EDC3
FBgn0036736,3.666353653,4734,NEDD4
FBgn0036736,3.666353653,23327,NEDD4L
FBgn0036758,2.081917497,2894,GRID1
FBgn0036758,2.081917497,2899,GRIK3
FBgn0036789,2.407996537,6752,SSTR2
FBgn0036789,2.407996537,6755,SSTR5
FBgn0036789,2.407996537,84539,MCHR2
FBgn0036789,2.407996537,2847,MCHR1
FBgn0036790,2.22095243,6752,SSTR2
FBgn0036790,2.22095243,6751,SSTR1
FBgn0036790,2.22095243,6754,SSTR4
FBgn0036790,2.22095243,2847,MCHR1
FBgn0036790,2.22095243,84539,MCHR2
FBgn0036801,3.049459047,84988,PPP1R16A
FBgn0036801,3.049459047,26051,PPP1R16B
FBgn0036816,1.957074736,9058,SLC13A2
FBgn0036816,1.957074736,284111,SLC13A5
FBgn0036816,1.957074736,64849,SLC13A3
FBgn0036816,1.957074736,6561,SLC13A1
FBgn0036816,1.957074736,26266,SLC13A4
FBgn0036837,2.186295732,56261,GPCPD1
FBgn0036838,2.417495769,27037,TRMT2A
FBgn0036838,2.417495769,79979,TRMT2B
FBgn0036844,2.227977219,1849,DUSP7
FBgn0036844,2.227977219,1848,DUSP6
FBgn0036844,2.227977219,1852,DUSP9
FBgn0036934,3.171563132,2834,PRLHR
FBgn0036934,3.171563132,4887,NPY2R
FBgn0036946,1.702644404,55200,PLEKHG6
FBgn0036946,1.702644404,57449,PLEKHG5
FBgn0036997,2.114376316,93517,SDR42E1
FBgn0036997,2.114376316,100288072,LOC100288072
FBgn0036997,2.114376316,50814,NSDHL
FBgn0037016,2.083076252,51232,CRIM1
FBgn0037097,2.004914801,341947,COX8C
FBgn0037097,2.004914801,1351,COX8A
FBgn0037153,3.629207398,26002,MOXD1
FBgn0037163,1.902394881,8611,PPAP2A
FBgn0037163,1.902394881,8613,PPAP2B
FBgn0037163,1.902394881,8612,PPAP2C
FBgn0037182,1.559464452,84364,ARFGAP2
FBgn0037182,1.559464452,26286,ARFGAP3
FBgn0037277,3.8928146,9320,TRIP12
FBgn0037295,2.20732774,199731,CADM4
FBgn0037295,2.20732774,253559,CADM2
FBgn0037295,2.20732774,23705,CADM1
FBgn0037295,2.20732774,57863,CADM3
FBgn0037341,2.714995118,196051,PPAPDC1A
FBgn0037341,2.714995118,84513,PPAPDC1B
FBgn0037342,2.714995118,79171,RBM42
FBgn0037344,2.9260631,57661,PHRF1
FBgn0037344,2.9260631,58506,SCAF1
FBgn0037344,2.9260631,9169,SCAF11
FBgn0037363,2.244931971,9821,RB1CC1
FBgn0037366,1.537905549,9882,TBC1D4
FBgn0037366,1.537905549,23216,TBC1D1
FBgn0037471,2.999832386,8028,MLLT10
FBgn0037471,2.999832386,4302,MLLT6
FBgn0037536,1.831149355,23731,C9orf5
FBgn0037546,1.581383453,387509,GPR153
FBgn0037546,1.581383453,1132,CHRM4
FBgn0037546,1.581383453,1129,CHRM2
FBgn0037546,1.581383453,1133,CHRM5
FBgn0037546,1.581383453,1131,CHRM3
FBgn0037546,1.581383453,1128,CHRM1
FBgn0037546,1.581383453,3269,HRH1
FBgn0037562,4.1955766,83636,C19orf12
FBgn0037609,1.971608178,25972,UNC50
FBgn0037610,1.971608178,200205,IBA57
FBgn0037645,1.659317431,7988,ZNF212
FBgn0037656,3.819442142,56941,C3orf37
FBgn0037657,2.637244583,79577,CDC73
FBgn0037659,2.480322959,22992,KDM2A
FBgn0037659,2.480322959,84678,KDM2B
FBgn0037671,2.208333228,10159,ATP6AP2
FBgn0037697,1.604299478,2954,GSTZ1
FBgn0037702,3.027573198,115548,FCHO2
FBgn0037702,3.027573198,23149,FCHO1
FBgn0037702,3.027573198,84251,SGIP1
FBgn0037712,2.406940684,79781,IQCA1
FBgn0037713,2.406940684,79650,C16orf57
FBgn0037736,1.778771061,4978,OPCML
FBgn0037736,1.778771061,84063,KIRREL2
FBgn0037736,1.778771061,84623,KIRREL3
FBgn0037736,1.778771061,55243,KIRREL
FBgn0037736,1.778771061,10461,MERTK
FBgn0037736,1.778771061,114132,SIGLEC11
FBgn0037760,2.049631474,80204,FBXO11
FBgn0037780,2.415572566,51185,CRBN
FBgn0037800,5.541896045,23329,TBC1D30
FBgn0037804,2.809102103,9891,NUAK1
FBgn0037804,2.809102103,81788,NUAK2
FBgn0037808,1.544249045,57448,BIRC6
FBgn0037839,3.417560209,54825,CDHR2
FBgn0037839,3.417560209,92211,CDHR1
FBgn0037906,1.960747217,114770,PGLYRP2
FBgn0037944,2.075435871,54778,RNF111
FBgn0037944,2.075435871,494470,RNF165
FBgn0037956,3.395528119,7162,TPBG
FBgn0037967,3.345494105,7567,ZNF19
FBgn0037967,3.345494105,7629,ZNF76
FBgn0037967,3.345494105,91975,ZNF300
FBgn0037967,3.345494105,7789,ZXDA
FBgn0037967,3.345494105,30832,ZNF354C
FBgn0037967,3.345494105,92595,ZNF764
FBgn0037967,3.345494105,7702,ZNF143
FBgn0037967,3.345494105,57547,ZNF624
FBgn0037967,3.345494105,81856,ZNF611
FBgn0037967,3.345494105,124961,ZFP3
FBgn0037967,3.345494105,57335,ZNF286A
FBgn0037967,3.345494105,7586,ZKSCAN1
FBgn0037967,3.345494105,10127,ZNF263
FBgn0037967,3.345494105,115509,ZNF689
FBgn0037967,3.345494105,7718,ZNF165
FBgn0037967,3.345494105,158586,ZXDB
FBgn0037967,3.345494105,7539,ZFP37
FBgn0037967,3.345494105,9831,ZNF623
FBgn0037967,3.345494105,7566,ZNF18
FBgn0037967,3.345494105,84307,ZNF397
FBgn0037967,3.345494105,7551,ZNF3
FBgn0037967,3.345494105,55762,ZNF701
FBgn0037967,3.345494105,27300,ZNF544
FBgn0037967,3.345494105,55786,ZNF415
FBgn0037980,1.915080344,25853,DCAF12
FBgn0037980,1.915080344,340578,DCAF12L2
FBgn0037980,1.915080344,139170,DCAF12L1
FBgn0037981,1.915080344,8464,SUPT3H
FBgn0037989,1.678531361,57198,ATP8B2
FBgn0037989,1.678531361,79895,ATP8B4
FBgn0037993,2.811512012,199731,CADM4
FBgn0037993,2.811512012,253559,CADM2
FBgn0037998,3.119497335,9382,COG1
FBgn0038063,2.347956563,3360,HTR4
FBgn0038072,1.6413088,7511,XPNPEP1
FBgn0038072,1.6413088,7512,XPNPEP2
FBgn0038084,1.994198913,23705,CADM1
FBgn0038092,2.294704997,23705,CADM1
FBgn0038118,3.183855344,8914,TIMELESS
FBgn0038145,1.876857364,55466,DNAJA4
FBgn0038145,1.876857364,3301,DNAJA1
FBgn0038172,1.958551637,51816,CECR1
FBgn0038197,1.74263617,2308,FOXO1
FBgn0038197,1.74263617,2309,FOXO3
FBgn0038197,1.74263617,4303,FOXO4
FBgn0038282,3.552324458,80124,VCPIP1
FBgn0038289,1.673943227,84443,FRMPD3
FBgn0038289,1.673943227,9758,FRMPD4
FBgn0038289,1.673943227,22844,FRMPD1
FBgn0038293,2.599749318,2997,GYS1
FBgn0038293,2.599749318,2998,GYS2
FBgn0038331,2.157187995,11235,PDCD10
FBgn0038341,2.48078432,56999,ADAMTS9
FBgn0038341,2.48078432,80070,ADAMTS20
FBgn0038391,2.536468515,2626,GATA4
FBgn0038400,1.6613087,139322,APOOL
FBgn0038400,1.6613087,79135,APOO
FBgn0038401,1.6613087,79774,GRTP1
FBgn0038443,1.819087549,1305,COL13A1
FBgn0038444,1.562357833,1305,COL13A1
FBgn0038498,3.195121881,23705,CADM1
FBgn0038532,3.415484939,9967,THRAP3
FBgn0038532,3.415484939,26190,FBXW2
FBgn0038532,3.415484939,64397,ZFP106
FBgn0038532,3.415484939,349136,WDR86
FBgn0038532,3.415484939,84231,TRAF7
FBgn0038642,1.550485813,100101267,POM121C
FBgn0038642,1.550485813,79733,E2F8
FBgn0038642,1.550485813,283489,CHAMP1
FBgn0038642,1.550485813,80164,FLJ22184
FBgn0038652,2.994035965,8884,SLC5A6
FBgn0038653,1.917649421,152,ADRA2C
FBgn0038653,1.917649421,151,ADRA2B
FBgn0038653,1.917649421,150,ADRA2A
FBgn0038662,1.565787904,51660,BRP44L
FBgn0038721,2.087036563,55107,ANO1
FBgn0038721,2.087036563,57101,ANO2
FBgn0038721,2.087036563,203859,ANO5
FBgn0038745,2.694326655,10845,CLPX
FBgn0038747,1.592308088,55114,ARHGAP17
FBgn0038747,1.592308088,9912,ARHGAP44
FBgn0038747,1.592308088,23616,SH3BP1
FBgn0038755,3.075173535,9394,HS6ST1
FBgn0038755,3.075173535,266722,HS6ST3
FBgn0038755,3.075173535,90161,HS6ST2
FBgn0038791,1.902773795,389400,GFRAL
FBgn0038791,1.902773795,2674,GFRA1
FBgn0038791,1.902773795,2676,GFRA3
FBgn0038791,1.902773795,2675,GFRA2
FBgn0038815,1.752402322,166,AES
FBgn0038826,2.901893679,10236,HNRNPR
FBgn0038826,2.901893679,10492,SYNCRIP
FBgn0038853,2.358236632,80728,ARHGAP39
FBgn0038874,2.970348382,7201,TRHR
FBgn0038893,2.083520223,339487,ZBTB8OS
FBgn0038917,3.534066292,91433,RCCD1
FBgn0038930,2.016107898,4014,LOR
FBgn0038946,3.007079808,79154,DHRS11
FBgn0038947,1.658427731,51128,SAR1B
FBgn0038947,1.658427731,56681,SAR1A
FBgn0038948,1.765605954,23210,JMJD6
FBgn0038949,1.765605954,147007,TMEM199
FBgn0038975,2.86100151,9379,NRXN2
FBgn0038975,2.86100151,9378,NRXN1
FBgn0038975,2.86100151,9369,NRXN3
FBgn0038985,1.895819565,64834,ELOVL1
FBgn0038985,1.895819565,79993,ELOVL7
FBgn0039013,3.803222605,55182,RNF220
FBgn0039023,2.182535059,5251,PHEX
FBgn0039025,2.21984939,64854,USP46
FBgn0039025,2.21984939,219333,USP12
FBgn0039038,1.950612717,9351,SLC9A3R2
FBgn0039078,3.924999354,54989,ZNF770
FBgn0039084,2.246570592,8824,CES2
FBgn0039084,2.246570592,1056,CEL
FBgn0039084,2.246570592,590,BCHE
FBgn0039084,2.246570592,43,ACHE
FBgn0039089,2.745074885,23705,CADM1
FBgn0039104,2.115395825,284451,ODF3L2
FBgn0039104,2.115395825,161753,ODF3L1
FBgn0039137,6.762525232,84959,UBASH3B
FBgn0039137,6.762525232,53347,UBASH3A
FBgn0039207,1.719878296,10257,ABCC4
FBgn0039225,2.27705171,2115,ETV1
FBgn0039225,2.27705171,2118,ETV4
FBgn0039293,1.724310205,79796,ALG9
FBgn0039293,1.724310205,91893,FDXACB1
FBgn0039338,3.96675787,546,ATRX
FBgn0039348,2.805959331,55666,NPLOC4
FBgn0039381,1.844926888,121665,SPPL3
FBgn0039396,3.617033045,387129,NPSR1
FBgn0039420,3.348540683,1800,DPEP1
FBgn0039420,3.348540683,64174,DPEP2
FBgn0039420,3.348540683,64180,DPEP3
FBgn0039464,1.708935202,151531,UPP2
FBgn0039464,1.708935202,7378,UPP1
FBgn0039492,1.667902446,57732,ZFYVE28
FBgn0039513,2.033703463,9627,SNCAIP
FBgn0039513,2.033703463,27130,INVS
FBgn0039513,2.033703463,338699,ANKRD42
FBgn0039513,2.033703463,79754,ASB13
FBgn0039513,2.033703463,339768,ESPNL
FBgn0039514,1.898203459,9627,SNCAIP
FBgn0039514,1.898203459,27130,INVS
FBgn0039514,1.898203459,338699,ANKRD42
FBgn0039514,1.898203459,79754,ASB13
FBgn0039514,1.898203459,339768,ESPNL
FBgn0039527,1.965494217,149708,WFDC5
FBgn0039527,1.965494217,7038,TG
FBgn0039536,2.011190503,285175,UNC80
FBgn0039562,1.548196553,7184,HSP90B1
FBgn0039584,3.151419499,23705,CADM1
FBgn0039590,2.501792639,57182,ANKRD50
FBgn0039596,1.634697837,79623,GALNT14
FBgn0039600,2.091546309,55015,PRPF39
FBgn0039617,4.072526174,402665,IGLON5
FBgn0039617,4.072526174,4978,OPCML
FBgn0039617,4.072526174,50863,NTM
FBgn0039620,2.698046094,84188,FAR1
FBgn0039633,2.820488801,23506,KIAA0240
FBgn0039690,1.715406589,64841,GNPNAT1
FBgn0039709,1.583236311,65217,PCDH15
FBgn0039769,1.68274281,6609,SMPD1
FBgn0039776,1.639115555,5033,P4HA1
FBgn0039776,1.639115555,8974,P4HA2
FBgn0039790,3.667872751,5636,PRPSAP2
FBgn0039790,3.667872751,5635,PRPSAP1
FBgn0039798,3.639296881,10747,MASP2
FBgn0039827,1.990762909,55526,DHTKD1
FBgn0039849,2.143591506,84245,MRI1
FBgn0039850,2.368797746,51015,ISOC1
FBgn0039850,2.368797746,79763,ISOC2
FBgn0039858,2.116262386,900,CCNG1
FBgn0039858,2.116262386,901,CCNG2
FBgn0039859,1.552944698,26151,NAT9
FBgn0039883,2.466611637,85360,SYDE1
FBgn0039883,2.466611637,84144,SYDE2
FBgn0039927,1.732448863,2899,GRIK3
FBgn0039927,1.732448863,2894,GRID1
FBgn0039927,1.732448863,2898,GRIK2
FBgn0040071,2.800674971,55038,CDCA4
FBgn0040071,2.800674971,9792,SERTAD2
FBgn0040079,2.08607656,11216,AKAP10
FBgn0040080,2.249356601,29899,GPSM2
FBgn0040080,2.249356601,26086,GPSM1
FBgn0040268,1.562773854,7156,TOP3A
FBgn0040291,2.312410648,9978,RBX1
FBgn0040294,1.930522337,57630,SH3RF1
FBgn0040294,1.930522337,344558,SH3RF3
FBgn0040299,2.130489732,4647,MYO7A
FBgn0040299,2.130489732,4648,MYO7B
FBgn0040319,2.084930757,2729,GCLC
FBgn0040336,1.868504084,26580,BSCL2
FBgn0040337,1.557915853,55687,TRMU
FBgn0040351,1.591628268,57333,RCN3
FBgn0040351,1.591628268,7134,TNNC1
FBgn0040351,1.591628268,808,CALM3
FBgn0040351,1.591628268,7125,TNNC2
FBgn0040351,1.591628268,285051,C2orf61
FBgn0040351,1.591628268,810,CALML3
FBgn0040351,1.591628268,801,CALM1
FBgn0040351,1.591628268,83698,CALN1
FBgn0040378,2.347579896,799,CALCR
FBgn0040384,1.766170906,144404,TMEM120B
FBgn0040384,1.766170906,83862,TMEM120A
FBgn0040388,1.575767989,50937,CDON
FBgn0040388,1.575767989,91653,BOC
FBgn0040395,1.552835442,9637,FEZ2
FBgn0040395,1.552835442,9638,FEZ1
FBgn0040493,3.233264202,79716,NPEPL1
FBgn0040505,2.611483519,4058,LTK
FBgn0040505,2.611483519,238,ALK
FBgn0040696,4.101165674,56683,C21orf59
FBgn0040696,4.101165674,140290,TCP10L
FBgn0040752,2.937569628,50944,SHANK1
FBgn0040752,2.937569628,22941,SHANK2
FBgn0040752,2.937569628,85358,SHANK3
FBgn0040765,3.63387191,8609,KLF7
FBgn0040765,3.63387191,1316,KLF6
FBgn0040823,2.757205571,253559,CADM2
FBgn0040877,2.439008232,8546,AP3B1
FBgn0040918,3.011404018,91012,CERS5
FBgn0040918,3.011404018,253782,CERS6
FBgn0040918,3.011404018,29956,CERS2
FBgn0040918,3.011404018,79603,CERS4
FBgn0040918,3.011404018,204219,CERS3
FBgn0040929,3.139405461,125476,INO80C
FBgn0040950,1.730791749,4589,MUC7
FBgn0041092,3.697079339,607,BCL9
FBgn0041092,3.697079339,283149,BCL9L
FBgn0041096,3.965968901,26115,TANC2
FBgn0041096,3.965968901,85461,TANC1
FBgn0041097,2.853293252,6092,ROBO2
FBgn0041097,2.853293252,64221,ROBO3
FBgn0041097,2.853293252,6091,ROBO1
FBgn0041100,4.141091196,5071,PARK2
FBgn0041105,3.027738417,3642,INSM1
FBgn0041105,3.027738417,84684,INSM2
FBgn0041111,3.716774337,27125,AFF4
FBgn0041111,3.716774337,4299,AFF1
FBgn0041111,3.716774337,3899,AFF3
FBgn0041111,3.716774337,2334,AFF2
FBgn0041150,1.570257596,4948,OCA2
FBgn0041171,3.647878981,55294,FBXW7
FBgn0041184,2.091879088,122809,SOCS4
FBgn0041184,2.091879088,9655,SOCS5
FBgn0041188,2.971782265,6311,ATXN2
FBgn0041188,2.971782265,11273,ATXN2L
FBgn0041194,1.579227145,5471,PPAT
FBgn0041605,2.385569067,10814,CPLX2
FBgn0041707,1.569566352,6447,SCG5
FBgn0042111,3.702063999,345222,C4orf44
FBgn0042185,2.118993222,90550,MCU
FBgn0042185,2.118993222,55013,CCDC109B
FBgn0043070,2.514360684,57446,NDRG3
FBgn0043070,2.514360684,10397,NDRG1
FBgn0043070,2.514360684,57447,NDRG2
FBgn0043070,2.514360684,65009,NDRG4
FBgn0043904,3.944260924,10658,CELF1
FBgn0043904,3.944260924,10659,CELF2
FBgn0044328,1.720823043,27293,SMPDL3B
FBgn0044328,1.720823043,10924,SMPDL3A
FBgn0044452,1.54105131,55102,ATG2B
FBgn0044452,1.54105131,23130,ATG2A
FBgn0044511,1.708271222,54460,MRPS21
FBgn0045063,1.742842886,3073,HEXA
FBgn0045063,1.742842886,3074,HEXB
FBgn0045842,2.406473111,284047,CCDC144B
FBgn0045852,1.550907634,2122,MECOM
FBgn0045852,1.550907634,63976,PRDM16
FBgn0046225,3.304740191,84260,TCHP
FBgn0046225,3.304740191,220136,CCDC11
FBgn0046704,1.795366132,8500,PPFIA1
FBgn0046704,1.795366132,8499,PPFIA2
FBgn0046704,1.795366132,8541,PPFIA3
FBgn0046704,1.795366132,8497,PPFIA4
FBgn0050021,1.64184125,143098,MPP7
FBgn0050021,1.64184125,4356,MPP3
FBgn0050021,1.64184125,58538,MPP4
FBgn0050122,2.540119272,11100,HNRNPUL1
FBgn0050122,2.540119272,3192,HNRNPU
FBgn0050122,2.540119272,221092,HNRNPUL2
FBgn0050127,4.373417335,394263,MUC21
FBgn0050158,2.987897891,51655,RASD1
FBgn0050263,1.85277005,375057,C1orf95
FBgn0050361,2.591767327,2914,GRM4
FBgn0050389,1.865207757,55219,TMEM57
FBgn0050421,2.694813982,57478,USP31
FBgn0050421,2.694813982,124739,USP43
FBgn0050438,1.588635417,7368,UGT8
FBgn0050438,1.588635417,133688,UGT3A1
FBgn0050438,1.588635417,167127,UGT3A2
FBgn0050438,1.588635417,7363,UGT2B4
FBgn0050438,1.588635417,7366,UGT2B15
FBgn0050438,1.588635417,7367,UGT2B17
FBgn0050438,1.588635417,10720,UGT2B11
FBgn0050438,1.588635417,79799,UGT2A3
FBgn0050438,1.588635417,7364,UGT2B7
FBgn0050438,1.588635417,7365,UGT2B10
FBgn0050460,2.180971629,51101,FAM164A
FBgn0050460,2.180971629,153918,C6orf94
FBgn0050463,3.710186335,79695,GALNT12
FBgn0050463,3.710186335,2591,GALNT3
FBgn0050463,3.710186335,11226,GALNT6
FBgn0050497,1.748282349,54855,FAM46C
FBgn0050497,1.748282349,55603,FAM46A
FBgn0050497,1.748282349,169966,FAM46D
FBgn0050497,1.748282349,115572,FAM46B
FBgn0051004,1.503674919,56241,SUSD2
FBgn0051005,1.730590201,23590,PDSS1
FBgn0051019,3.667872751,84871,AGBL4
FBgn0051029,1.99247765,4653,MYOC
FBgn0051038,3.114942256,375061,FAM89A
FBgn0051052,2.245896151,150159,SLC9B1
FBgn0051052,2.245896151,133308,SLC9B2
FBgn0051072,1.602066314,3482,IGF2R
FBgn0051092,3.282252218,7436,VLDLR
FBgn0051092,3.282252218,7804,LRP8
FBgn0051092,3.282252218,3949,LDLR
FBgn0051121,1.902945342,21,ABCA3
FBgn0051121,1.902945342,23461,ABCA5
FBgn0051121,1.902945342,23460,ABCA6
FBgn0051121,1.902945342,10350,ABCA9
FBgn0051121,1.902945342,10351,ABCA8
FBgn0051121,1.902945342,10349,ABCA10
FBgn0051140,2.803489617,1609,DGKQ
FBgn0051141,1.524050833,64834,ELOVL1
FBgn0051141,1.524050833,79993,ELOVL7
FBgn0051145,3.791270119,54757,FAM20A
FBgn0051145,3.791270119,56975,FAM20C
FBgn0051158,2.020344618,84249,PSD2
FBgn0051158,2.020344618,23362,PSD3
FBgn0051158,2.020344618,5662,PSD
FBgn0051158,2.020344618,23550,PSD4
FBgn0051163,4.351009202,23328,SASH1
FBgn0051163,4.351009202,54440,SASH3
FBgn0051190,3.556176276,1826,DSCAM
FBgn0051190,3.556176276,57453,DSCAML1
FBgn0051203,1.956898881,341880,SLC35F4
FBgn0051203,1.956898881,148641,SLC35F3
FBgn0051221,3.31212866,53353,LRP1B
FBgn0051232,1.660700124,92002,FAM58A
FBgn0051314,2.68446371,8038,ADAM12
FBgn0051314,2.68446371,8728,ADAM19
FBgn0051361,1.930004806,253559,CADM2
FBgn0051361,1.930004806,2264,FGFR4
FBgn0051361,1.930004806,2261,FGFR3
FBgn0051363,1.80928478,90861,HN1L
FBgn0051363,1.80928478,51155,HN1
FBgn0051374,3.304740191,58506,SCAF1
FBgn0051462,2.322558099,56655,POLE4
FBgn0051475,3.433776436,51150,SDF4
FBgn0051481,2.32322811,3199,HOXA2
FBgn0051481,2.32322811,3212,HOXB2
FBgn0051522,3.289817946,79993,ELOVL7
FBgn0051522,3.289817946,64834,ELOVL1
FBgn0051536,2.28491607,9855,FARP2
FBgn0051536,2.28491607,10160,FARP1
FBgn0051537,1.65184119,4301,MLLT4
FBgn0051632,2.329632218,2672,GFI1
FBgn0051632,2.329632218,8328,GFI1B
FBgn0051637,1.785113204,8534,CHST1
FBgn0051637,1.785113204,10164,CHST4
FBgn0051637,1.785113204,4166,CHST6
FBgn0051637,1.785113204,9469,CHST3
FBgn0051637,1.785113204,23563,CHST5
FBgn0051637,1.785113204,9435,CHST2
FBgn0051637,1.785113204,56548,CHST7
FBgn0051639,1.57709689,4956,ODF1
FBgn0051641,3.027163084,81551,STMN4
FBgn0051641,3.027163084,11075,STMN2
FBgn0051641,3.027163084,3925,STMN1
FBgn0051642,2.184496462,56888,KCMF1
FBgn0051646,2.557866299,50863,NTM
FBgn0051660,1.745933671,57512,GPR158
FBgn0051663,2.394537499,162387,MFSD6L
FBgn0051665,3.77821852,92737,DNER
FBgn0051690,2.35624597,160335,TMTC2
FBgn0051708,1.865901392,402665,IGLON5
FBgn0051708,1.865901392,4978,OPCML
FBgn0051708,1.865901392,50863,NTM
FBgn0051708,1.865901392,23584,VSIG2
FBgn0051708,1.865901392,4685,NCAM2
FBgn0051708,1.865901392,7412,VCAM1
FBgn0051708,1.865901392,4684,NCAM1
FBgn0051708,1.865901392,4593,MUSK
FBgn0051721,1.660775447,114088,TRIM9
FBgn0051721,1.660775447,440730,TRIM67
FBgn0051735,1.87148403,128153,SPATA17
FBgn0051738,3.837285783,22862,FNDC3A
FBgn0051738,3.837285783,64778,FNDC3B
FBgn0051746,2.052172547,64180,DPEP3
FBgn0051757,4.195498679,5136,PDE1A
FBgn0051757,4.195498679,5153,PDE1B
FBgn0051757,4.195498679,5137,PDE1C
FBgn0051758,1.550789677,5136,PDE1A
FBgn0051758,1.550789677,5153,PDE1B
FBgn0051758,1.550789677,5137,PDE1C
FBgn0051760,3.34430879,440435,GPR179
FBgn0051760,3.34430879,57512,GPR158
FBgn0051774,2.217372267,10892,MALT1
FBgn0051774,2.217372267,84063,KIRREL2
FBgn0051774,2.217372267,84623,KIRREL3
FBgn0051774,2.217372267,55243,KIRREL
FBgn0051774,2.217372267,4680,CEACAM6
FBgn0051774,2.217372267,79368,FCRL2
FBgn0051774,2.217372267,2209,FCGR1A
FBgn0051774,2.217372267,933,CD22
FBgn0051774,2.217372267,2212,FCGR2A
FBgn0051774,2.217372267,83417,FCRL4
FBgn0051774,2.217372267,2210,FCGR1B
FBgn0051774,2.217372267,5670,PSG2
FBgn0051774,2.217372267,127943,FCRLB
FBgn0051774,2.217372267,2205,FCER1A
FBgn0051774,2.217372267,343413,FCRL6
FBgn0051774,2.217372267,6614,SIGLEC1
FBgn0051774,2.217372267,2214,FCGR3A
FBgn0051814,2.866187663,50863,NTM
FBgn0051869,4.079913155,375567,VWC2
FBgn0051871,2.959162992,3988,LIPA
FBgn0051871,2.959162992,8513,LIPF
FBgn0051871,2.959162992,142910,LIPJ
FBgn0051871,2.959162992,643414,LIPK
FBgn0051871,2.959162992,643418,LIPN
FBgn0051871,2.959162992,340654,LIPM
FBgn0051935,1.758882363,22930,RAB3GAP1
FBgn0052030,1.678111159,80206,FHOD3
FBgn0052030,1.678111159,29109,FHOD1
FBgn0052048,1.661339166,9722,NOS1AP
FBgn0052048,1.661339166,400793,C1orf226
FBgn0052057,3.076835344,6573,SLC19A1
FBgn0052057,3.076835344,80704,SLC19A3
FBgn0052057,3.076835344,25878,MXRA5
FBgn0052057,3.076835344,285313,IGSF10
FBgn0052062,2.332055734,54715,RBFOX1
FBgn0052062,2.332055734,146713,RBFOX3
FBgn0052062,2.332055734,23543,RBFOX2
FBgn0052082,1.545862009,10458,BAIAP2
FBgn0052082,1.545862009,55971,BAIAP2L1
FBgn0052082,1.545862009,80115,BAIAP2L2
FBgn0052085,2.467379504,146330,FBXL16
FBgn0052121,1.856035482,7709,ZBTB17
FBgn0052121,1.856035482,9880,ZBTB39
FBgn0052133,2.833224606,22976,PAXIP1
FBgn0052137,2.428869045,92558,CCDC64
FBgn0052137,2.428869045,146439,CCDC64B
FBgn0052152,2.387747773,56341,PRMT8
FBgn0052152,2.387747773,3275,PRMT2
FBgn0052152,2.387747773,55170,PRMT6
FBgn0052152,2.387747773,10196,PRMT3
FBgn0052152,2.387747773,10498,CARM1
FBgn0052169,4.266906261,124540,MSI2
FBgn0052169,4.266906261,4440,MSI1
FBgn0052174,1.60556354,51117,COQ4
FBgn0052183,3.849871223,3491,CYR61
FBgn0052183,3.849871223,1490,CTGF
FBgn0052183,3.849871223,8840,WISP1
FBgn0052183,3.849871223,4856,NOV
FBgn0052183,3.849871223,8838,WISP3
FBgn0052183,3.849871223,8839,WISP2
FBgn0052206,2.586197158,200008,CDCP2
FBgn0052227,1.758912004,55901,THSD1
FBgn0052241,2.574265372,199720,GGN
FBgn0052245,2.687894158,2040,STOM
FBgn0052245,2.687894158,161003,STOML3
FBgn0052264,3.847529865,221692,PHACTR1
FBgn0052264,3.847529865,116154,PHACTR3
FBgn0052264,3.847529865,65979,PHACTR4
FBgn0052264,3.847529865,9749,PHACTR2
FBgn0052333,2.150240252,51059,FAM135B
FBgn0052333,2.150240252,57579,FAM135A
FBgn0052373,1.699736983,80274,SCUBE1
FBgn0052373,1.699736983,222663,SCUBE3
FBgn0052387,2.074063646,1826,DSCAM
FBgn0052387,2.074063646,57453,DSCAML1
FBgn0052423,4.130602666,5939,RBMS2
FBgn0052423,4.130602666,5937,RBMS1
FBgn0052423,4.130602666,27303,RBMS3
FBgn0052425,2.564052641,26005,C2CD3
FBgn0052479,3.838647863,9100,USP10
FBgn0052495,1.617034957,2937,GSS
FBgn0052496,1.56524247,2267,FGL1
FBgn0052529,2.599858933,22893,BAHD1
FBgn0052532,3.904050381,5626,PROP1
FBgn0052549,2.457792278,22978,NT5C2
FBgn0052549,2.457792278,284958,NT5DC4
FBgn0052560,3.60060634,153090,DAB2IP
FBgn0052560,3.60060634,9462,RASAL2
FBgn0052560,3.60060634,8831,SYNGAP1
FBgn0052560,3.60060634,64926,RASAL3
FBgn0052584,2.337164835,286053,NSMCE2
FBgn0052584,2.337164835,286053,NSMCE2
FBgn0052626,1.551865541,271,AMPD2
FBgn0052626,1.551865541,272,AMPD3
FBgn0052626,1.551865541,270,AMPD1
FBgn0052635,1.76360191,81832,NETO1
FBgn0052635,1.76360191,81831,NETO2
FBgn0052647,2.640636348,9993,DGCR2
FBgn0052648,2.168423883,5152,PDE9A
FBgn0052666,1.650327066,9262,STK17B
FBgn0052666,1.650327066,9263,STK17A
FBgn0052675,1.661742983,81671,VMP1
FBgn0052676,4.105475542,90007,MIDN
FBgn0052677,4.423407598,320,APBA1
FBgn0052677,4.423407598,321,APBA2
FBgn0052677,4.423407598,9546,APBA3
FBgn0052683,1.825351425,409,ARRB2
FBgn0052698,4.156177837,56934,CA10
FBgn0052698,4.156177837,770,CA11
FBgn0052758,1.574750986,81609,SNX27
FBgn0052772,1.944895179,5326,PLAGL2
FBgn0052772,1.944895179,126208,ZNF787
FBgn0052772,1.944895179,5324,PLAG1
FBgn0052772,1.944895179,79759,ZNF668
FBgn0052772,1.944895179,201501,ZBTB7C
FBgn0052778,2.363427324,23040,MYT1L
FBgn0052778,2.363427324,4661,MYT1
FBgn0052778,2.363427324,9705,ST18
FBgn0052791,2.697922302,402665,IGLON5
FBgn0052791,2.697922302,4978,OPCML
FBgn0052791,2.697922302,50863,NTM
FBgn0052791,2.697922302,80381,CD276
FBgn0052791,2.697922302,7412,VCAM1
FBgn0052791,2.697922302,4684,NCAM1
FBgn0052791,2.697922302,4685,NCAM2
FBgn0053100,4.149849905,9470,EIF4E2
FBgn0053144,1.532536622,9781,RNF144A
FBgn0053144,1.532536622,255488,RNF144B
FBgn0053147,3.176072875,222537,HS3ST5
FBgn0053147,3.176072875,9957,HS3ST1
FBgn0053171,3.626286696,1306,COL15A1
FBgn0053171,3.626286696,80781,COL18A1
FBgn0053181,2.906298343,254428,SLC41A1
FBgn0053181,2.906298343,84102,SLC41A2
FBgn0053181,2.906298343,54946,SLC41A3
FBgn0053197,2.885390531,4154,MBNL1
FBgn0053197,2.885390531,55796,MBNL3
FBgn0053197,2.885390531,10150,MBNL2
FBgn0053202,2.262862293,2264,FGFR4
FBgn0053202,2.262862293,2261,FGFR3
FBgn0053205,1.650522062,51586,MED15
FBgn0053208,3.75554533,57553,MICAL3
FBgn0053208,3.75554533,9645,MICAL2
FBgn0053208,3.75554533,64780,MICAL1
FBgn0053256,5.326354746,2274,FHL2
FBgn0053277,2.160881569,138046,RALYL
FBgn0053277,2.160881569,343069,HNRNPCL1
FBgn0053277,2.160881569,22913,RALY
FBgn0053277,2.160881569,3183,HNRNPC
FBgn0053505,3.294078541,9136,RRP9
FBgn0053506,3.549427129,80775,TMEM177
FBgn0053513,2.024090211,2905,GRIN2C
FBgn0053513,2.024090211,2906,GRIN2D
FBgn0053513,2.024090211,2903,GRIN2A
FBgn0053513,2.024090211,2904,GRIN2B
FBgn0053515,3.136277591,84063,KIRREL2
FBgn0053515,3.136277591,84623,KIRREL3
FBgn0053515,3.136277591,55243,KIRREL
FBgn0053515,3.136277591,114132,SIGLEC11
FBgn0053515,3.136277591,8778,SIGLEC5
FBgn0053515,3.136277591,10461,MERTK
FBgn0053515,3.136277591,89790,SIGLEC10
FBgn0053515,3.136277591,946,SIGLEC6
FBgn0053517,2.649328869,1813,DRD2
FBgn0053517,2.649328869,1814,DRD3
FBgn0053517,2.649328869,1815,DRD4
FBgn0053518,1.808724348,389400,GFRAL
FBgn0053518,1.808724348,2674,GFRA1
FBgn0053518,1.808724348,2676,GFRA3
FBgn0053518,1.808724348,2675,GFRA2
FBgn0053528,1.656287176,6571,SLC18A2
FBgn0053528,1.656287176,6570,SLC18A1
FBgn0053531,3.669493755,4921,DDR2
FBgn0053531,3.669493755,780,DDR1
FBgn0053543,1.762029956,7412,VCAM1
FBgn0053543,1.762029956,27020,NPTN
FBgn0053547,3.494919794,9699,RIMS2
FBgn0053547,3.494919794,22999,RIMS1
FBgn0053547,3.494919794,9783,RIMS3
FBgn0053548,3.25803983,150572,SMYD1
FBgn0053555,3.507533161,94121,SYTL4
FBgn0053555,3.507533161,94122,SYTL5
FBgn0053555,3.507533161,84958,SYTL1
FBgn0053555,3.507533161,94120,SYTL3
FBgn0053555,3.507533161,54843,SYTL2
FBgn0053558,1.694781187,92154,MTSS1L
FBgn0053558,1.694781187,9788,MTSS1
FBgn0053715,2.168452512,23345,SYNE1
FBgn0053936,1.506143242,54469,ZFAND6
FBgn0053936,1.506143242,7763,ZFAND5
FBgn0053959,2.135588277,3360,HTR4
FBgn0053960,1.727057263,223117,SEMA3D
FBgn0053960,1.727057263,10371,SEMA3A
FBgn0053960,1.727057263,9037,SEMA5A
FBgn0053960,1.727057263,54437,SEMA5B
FBgn0053967,1.975962613,23286,WWC1
FBgn0053967,1.975962613,80014,WWC2
FBgn0053967,1.975962613,55841,WWC3
FBgn0053980,3.555412597,30813,VSX1
FBgn0053980,3.555412597,338917,VSX2
FBgn0061469,3.576717523,7337,UBE3A
FBgn0063485,3.35407305,3927,LASP1
FBgn0063485,3.35407305,10529,NEBL
FBgn0063649,1.857695625,6584,SLC22A5
FBgn0066101,2.328205427,7436,VLDLR
FBgn0066101,2.328205427,3949,LDLR
FBgn0066101,2.328205427,7804,LRP8
FBgn0082582,3.74962316,7111,TMOD1
FBgn0082582,3.74962316,29765,TMOD4
FBgn0082582,3.74962316,29767,TMOD2
FBgn0082582,3.74962316,29766,TMOD3
FBgn0082582,3.74962316,56203,LMOD3
FBgn0082582,3.74962316,442721,LMOD2
FBgn0082582,3.74962316,25802,LMOD1
FBgn0083077,2.008431953,10743,RAI1
FBgn0083077,2.008431953,3713,IVL
FBgn0083228,1.701440369,23413,NCS1
FBgn0083919,2.369080348,11155,LDB3
FBgn0083919,2.369080348,27295,PDLIM3
FBgn0083940,3.224817684,58480,RHOU
FBgn0083940,3.224817684,171177,RHOV
FBgn0083949,2.515128234,84063,KIRREL2
FBgn0083949,2.515128234,84623,KIRREL3
FBgn0083949,2.515128234,55243,KIRREL
FBgn0083949,2.515128234,114132,SIGLEC11
FBgn0083949,2.515128234,8778,SIGLEC5
FBgn0083949,2.515128234,5671,PSG3
FBgn0083949,2.515128234,10461,MERTK
FBgn0083949,2.515128234,946,SIGLEC6
FBgn0083949,2.515128234,440533,PSG8
FBgn0083950,3.807582305,84063,KIRREL2
FBgn0083950,3.807582305,84623,KIRREL3
FBgn0083950,3.807582305,55243,KIRREL
FBgn0083950,3.807582305,10461,MERTK
FBgn0083950,3.807582305,114132,SIGLEC11
FBgn0083959,2.351032502,80036,TRPM3
FBgn0083959,2.351032502,4308,TRPM1
FBgn0083959,2.351032502,54822,TRPM7
FBgn0083959,2.351032502,140803,TRPM6
FBgn0083960,2.921573781,55779,WDR52
FBgn0083963,3.524908456,54413,NLGN3
FBgn0083963,3.524908456,57502,NLGN4X
FBgn0083963,3.524908456,22871,NLGN1
FBgn0083963,3.524908456,57555,NLGN2
FBgn0083975,2.635972123,22829,NLGN4Y
FBgn0083975,2.635972123,57502,NLGN4X
FBgn0083975,2.635972123,22871,NLGN1
FBgn0083975,2.635972123,54413,NLGN3
FBgn0083975,2.635972123,57555,NLGN2
FBgn0083981,2.782187721,860,RUNX2
FBgn0083981,2.782187721,861,RUNX1
FBgn0083981,2.782187721,864,RUNX3
FBgn0085249,3.534102575,4589,MUC7
FBgn0085301,1.661339166,9722,NOS1AP
FBgn0085301,1.661339166,400793,C1orf226
FBgn0085354,1.563863593,2275,FHL3
FBgn0085354,1.563863593,2273,FHL1
FBgn0085354,1.563863593,9457,FHL5
FBgn0085354,1.563863593,2274,FHL2
FBgn0085354,1.563863593,5829,PXN
FBgn0085354,1.563863593,7041,TGFB1I1
FBgn0085354,1.563863593,9404,LPXN
FBgn0085354,1.563863593,9260,PDLIM7
FBgn0085354,1.563863593,96626,LIMS3
FBgn0085354,1.563863593,11155,LDB3
FBgn0085368,3.285319993,4036,LRP2
FBgn0085369,3.460375226,644168,DRGX
FBgn0085370,3.077305161,8654,PDE5A
FBgn0085371,2.105560844,55711,FAR2
FBgn0085371,2.105560844,84188,FAR1
FBgn0085372,3.024438512,89797,NAV2
FBgn0085373,4.056316383,8525,DGKZ
FBgn0085373,4.056316383,9162,DGKI
FBgn0085375,4.152994412,23099,ZBTB43
FBgn0085375,4.152994412,221504,ZBTB9
FBgn0085375,4.152994412,147808,ZNF784
FBgn0085376,4.091791073,64097,EPB41L4A
FBgn0085377,1.65132031,137695,TMEM68
FBgn0085381,2.623957197,4036,LRP2
FBgn0085382,1.993215906,7412,VCAM1
FBgn0085382,1.993215906,4684,NCAM1
FBgn0085382,1.993215906,4685,NCAM2
FBgn0085382,1.993215906,4045,LSAMP
FBgn0085383,2.591437345,7073,TIAL1
FBgn0085383,2.591437345,7072,TIA1
FBgn0085385,1.940061225,55681,SCYL2
FBgn0085389,3.759428457,55893,ZNF395
FBgn0085389,3.759428457,56731,SLC2A4RG
FBgn0085389,3.759428457,619279,ZNF704
FBgn0085391,2.649544647,7073,TIAL1
FBgn0085391,2.649544647,7072,TIA1
FBgn0085392,5.162198335,57582,KCNT1
FBgn0085392,5.162198335,343450,KCNT2
FBgn0085395,2.701080732,3746,KCNC1
FBgn0085395,2.701080732,3747,KCNC2
FBgn0085395,2.701080732,3748,KCNC3
FBgn0085395,2.701080732,3749,KCNC4
FBgn0085397,2.595485222,339398,LINGO4
FBgn0085397,2.595485222,645191,LINGO3
FBgn0085397,2.595485222,158038,LINGO2
FBgn0085397,2.595485222,84894,LINGO1
FBgn0085397,2.595485222,23769,FLRT1
FBgn0085397,2.595485222,23767,FLRT3
FBgn0085397,2.595485222,1101,CHAD
FBgn0085397,2.595485222,150356,CHADL
FBgn0085400,2.496556914,84063,KIRREL2
FBgn0085400,2.496556914,84623,KIRREL3
FBgn0085400,2.496556914,55243,KIRREL
FBgn0085400,2.496556914,114132,SIGLEC11
FBgn0085400,2.496556914,8778,SIGLEC5
FBgn0085400,2.496556914,10461,MERTK
FBgn0085400,2.496556914,214,ALCAM
FBgn0085400,2.496556914,89790,SIGLEC10
FBgn0085402,1.657891412,23098,SARM1
FBgn0085403,3.431390157,5909,RAP1GAP
FBgn0085403,3.431390157,23108,RAP1GAP2
FBgn0085406,1.662193673,389432,SAMD5
FBgn0085408,1.973834824,357,SHROOM2
FBgn0085408,1.973834824,57619,SHROOM3
FBgn0085408,1.973834824,57477,SHROOM4
FBgn0085409,3.378740761,4921,DDR2
FBgn0085409,3.378740761,780,DDR1
FBgn0085410,2.537808143,2831,NPBWR1
FBgn0085410,2.537808143,886,CCKAR
FBgn0085410,2.537808143,887,CCKBR
FBgn0085410,2.537808143,124274,GPR139
FBgn0085411,1.500314173,3713,IVL
FBgn0085412,2.538667082,54477,PLEKHA5
FBgn0085412,2.538667082,144100,PLEKHA7
FBgn0085416,2.66822316,4131,MAP1B
FBgn0085416,2.66822316,55201,MAP1S
FBgn0085416,2.66822316,4130,MAP1A
FBgn0085420,3.554541524,402665,IGLON5
FBgn0085420,3.554541524,4978,OPCML
FBgn0085420,3.554541524,50863,NTM
FBgn0085420,3.554541524,125931,CEACAM20
FBgn0085420,3.554541524,4045,LSAMP
FBgn0085420,3.554541524,4593,MUSK
FBgn0085421,3.241723966,11069,RAPGEF4
FBgn0085421,3.241723966,10411,RAPGEF3
FBgn0085421,3.241723966,51195,RAPGEFL1
FBgn0085421,3.241723966,9771,RAPGEF5
FBgn0085423,2.042144168,54762,GRAMD1C
FBgn0085423,2.042144168,57476,GRAMD1B
FBgn0085423,2.042144168,57655,GRAMD1A
FBgn0085424,2.326591272,5451,POU2F1
FBgn0085424,2.326591272,25833,POU2F3
FBgn0085426,1.967109131,28954,REM1
FBgn0085426,1.967109131,6236,RRAD
FBgn0085426,1.967109131,161253,REM2
FBgn0085429,3.199855047,25861,DFNB31
FBgn0085430,2.688584379,23053,KIAA0913
FBgn0085434,2.353069979,6332,SCN7A
FBgn0085443,3.833633416,54453,RIN2
FBgn0085443,3.833633416,79890,RIN3
FBgn0085445,1.654408722,287,ANK2
FBgn0085445,1.654408722,288,ANK3
FBgn0085446,1.747189028,342527,SMTNL2
FBgn0085446,1.747189028,219537,SMTNL1
FBgn0085446,1.747189028,6525,SMTN
FBgn0085447,4.73312437,7074,TIAM1
FBgn0085447,4.73312437,26230,TIAM2
FBgn0085448,1.642611415,340784,HMX3
FBgn0085448,1.642611415,3167,HMX2
FBgn0085449,3.372661594,64174,DPEP2
FBgn0085449,3.372661594,64180,DPEP3
FBgn0085449,3.372661594,1800,DPEP1
FBgn0085450,4.26640053,6498,SKIL
FBgn0085450,4.26640053,6497,SKI
FBgn0085452,2.822046407,93974,ATPIF1
FBgn0085453,4.207382213,10588,MTHFS
FBgn0085478,3.927248093,29801,ZDHHC8
FBgn0085478,3.927248093,25921,ZDHHC5
FBgn0085480,2.349537186,29071,C1GALT1C1
FBgn0086361,3.179521856,5495,PPM1B
FBgn0086361,3.179521856,5494,PPM1A
FBgn0086364,4.378571472,339745,SPOPL
FBgn0086364,4.378571472,8405,SPOP
FBgn0086370,2.019513715,10231,RCAN2
FBgn0086370,2.019513715,1827,RCAN1
FBgn0086370,2.019513715,11123,RCAN3
FBgn0086372,1.677823403,8301,PICALM
FBgn0086372,1.677823403,9892,SNAP91
FBgn0086376,1.845038769,26059,ERC2
FBgn0086376,1.845038769,23085,ERC1
FBgn0086444,1.840566026,8449,DHX16
FBgn0086448,2.409758894,9091,PIGQ
FBgn0086476,2.293570971,149371,EXOC8
FBgn0086604,4.249252937,10223,GPA33
FBgn0086604,4.249252937,84063,KIRREL2
FBgn0086604,4.249252937,84623,KIRREL3
FBgn0086604,4.249252937,55243,KIRREL
FBgn0086604,4.249252937,114132,SIGLEC11
FBgn0086604,4.249252937,8778,SIGLEC5
FBgn0086604,4.249252937,10461,MERTK
FBgn0086604,4.249252937,946,SIGLEC6
FBgn0086655,4.2559599,121536,AEBP2
FBgn0086674,3.430379009,8460,TPST1
FBgn0086674,3.430379009,8459,TPST2
FBgn0086685,3.026858255,60412,EXOC4
FBgn0086698,1.880061445,51057,WDPCP
FBgn0086704,1.841736964,127247,ASB17
FBgn0086711,1.704803115,90527,DUOXA1
FBgn0086711,1.704803115,405753,DUOXA2
FBgn0086758,1.788180153,60468,BACH2
FBgn0086758,1.788180153,7709,ZBTB17
FBgn0086758,1.788180153,9880,ZBTB39
FBgn0086899,3.589948129,11011,TLK2
FBgn0086899,3.589948129,9874,TLK1
FBgn0086901,2.56237404,90627,STARD13
FBgn0086901,2.56237404,10395,DLC1
FBgn0086901,2.56237404,9754,STARD8
FBgn0086902,4.669696144,55636,CHD7
FBgn0086902,4.669696144,80205,CHD9
FBgn0086902,4.669696144,84181,CHD6
FBgn0086902,4.669696144,57680,CHD8
FBgn0086905,1.717621984,23418,CRB1
FBgn0086905,1.717621984,286204,CRB2
FBgn0086911,3.879085923,26960,NBEA
FBgn0086911,3.879085923,987,LRBA
