"FlyBaseID","IntraNup98.Score","Human.GeneID","Human.Symbol"
"FBgn0000097",1.825700923,2120,"ETV6"
"FBgn0000097",1.825700923,51513,"ETV7"
"FBgn0000163",1.780720239,56288,"PARD3"
"FBgn0000163",1.780720239,117583,"PARD3B"
"FBgn0000244",1.742546037,64759,"TNS3"
"FBgn0000244",1.742546037,23371,"TENC1"
"FBgn0000244",1.742546037,7145,"TNS1"
"FBgn0000244",1.742546037,84951,"TNS4"
"FBgn0000250",1.663866693,4792,"NFKBIA"
"FBgn0000250",1.663866693,4794,"NFKBIE"
"FBgn0000250",1.663866693,4793,"NFKBIB"
"FBgn0000253",1.518580631,808,"CALM3"
"FBgn0000253",1.518580631,801,"CALM1"
"FBgn0000253",1.518580631,805,"CALM2"
"FBgn0000338",2.430229477,4778,"NFE2"
"FBgn0000338",2.430229477,4779,"NFE2L1"
"FBgn0000338",2.430229477,4780,"NFE2L2"
"FBgn0000338",2.430229477,9603,"NFE2L3"
"FBgn0000338",2.430229477,571,"BACH1"
"FBgn0000338",2.430229477,60468,"BACH2"
"FBgn0000394",1.581240583,57045,"TWSG1"
"FBgn0000479",1.683582075,5144,"PDE4D"
"FBgn0000479",1.683582075,5142,"PDE4B"
"FBgn0000479",1.683582075,5141,"PDE4A"
"FBgn0000479",1.683582075,5143,"PDE4C"
"FBgn0000546",2.001817276,10062,"NR1H3"
"FBgn0000565",1.674637912,4482,"MSRA"
"FBgn0000568",1.661337007,5467,"PPARD"
"FBgn0000578",1.680361373,55740,"ENAH"
"FBgn0000578",1.680361373,51466,"EVL"
"FBgn0000578",1.680361373,7408,"VASP"
"FBgn0001098",1.713603521,2746,"GLUD1"
"FBgn0001098",1.713603521,2747,"GLUD2"
"FBgn0001125",1.645782865,2806,"GOT2"
"FBgn0001186",1.63418959,3099,"HK2"
"FBgn0001186",1.63418959,80201,"HKDC1"
"FBgn0001186",1.63418959,3098,"HK1"
"FBgn0001186",1.63418959,2645,"GCK"
"FBgn0001186",1.63418959,3101,"HK3"
"FBgn0001235",1.859448221,4212,"MEIS2"
"FBgn0001235",1.859448221,4211,"MEIS1"
"FBgn0001248",1.653809445,3417,"IDH1"
"FBgn0001297",1.956250411,2355,"FOSL2"
"FBgn0001297",1.956250411,8061,"FOSL1"
"FBgn0001297",1.956250411,2353,"FOS"
"FBgn0001297",1.956250411,2354,"FOSB"
"FBgn0001624",1.541627521,1739,"DLG1"
"FBgn0001624",1.541627521,1742,"DLG4"
"FBgn0001624",1.541627521,1740,"DLG2"
"FBgn0001624",1.541627521,1741,"DLG3"
"FBgn0002524",1.571359755,9517,"SPTLC2"
"FBgn0002524",1.571359755,55304,"SPTLC3"
"FBgn0002719",1.681755094,4199,"ME1"
"FBgn0002719",1.681755094,10873,"ME3"
"FBgn0002719",1.681755094,4200,"ME2"
"FBgn0002921",1.659960804,478,"ATP1A3"
"FBgn0002921",1.659960804,476,"ATP1A1"
"FBgn0002921",1.659960804,477,"ATP1A2"
"FBgn0002921",1.659960804,479,"ATP12A"
"FBgn0002921",1.659960804,495,"ATP4A"
"FBgn0002921",1.659960804,480,"ATP1A4"
"FBgn0003013",1.660109043,57492,"ARID1B"
"FBgn0003013",1.660109043,8289,"ARID1A"
"FBgn0003118",1.790461245,2113,"ETS1"
"FBgn0003118",1.790461245,2114,"ETS2"
"FBgn0003138",1.601033207,5770,"PTPN1"
"FBgn0003138",1.601033207,5771,"PTPN2"
"FBgn0003165",1.812995004,23369,"PUM2"
"FBgn0003165",1.812995004,9698,"PUM1"
"FBgn0003177",1.714643233,9414,"TJP2"
"FBgn0003177",1.714643233,7082,"TJP1"
"FBgn0003177",1.714643233,27134,"TJP3"
"FBgn0003204",1.578385745,3614,"IMPDH1"
"FBgn0003204",1.578385745,3615,"IMPDH2"
"FBgn0003295",1.601033207,162494,"RHBDL3"
"FBgn0003295",1.601033207,9028,"RHBDL1"
"FBgn0003345",1.910695674,7003,"TEAD1"
"FBgn0003345",1.910695674,7005,"TEAD3"
"FBgn0003345",1.910695674,8463,"TEAD2"
"FBgn0003345",1.910695674,7004,"TEAD4"
"FBgn0003371",1.702426308,2932,"GSK3B"
"FBgn0003371",1.702426308,2931,"GSK3A"
"FBgn0003396",2.235390893,3097,"HIVEP2"
"FBgn0003396",2.235390893,59269,"HIVEP3"
"FBgn0003396",2.235390893,3096,"HIVEP1"
"FBgn0003415",1.717801589,9969,"MED13"
"FBgn0003415",1.717801589,23389,"MED13L"
"FBgn0003507",2.121137181,2627,"GATA6"
"FBgn0003507",2.121137181,2626,"GATA4"
"FBgn0003507",2.121137181,140628,"GATA5"
"FBgn0003525",1.529267072,993,"CDC25A"
"FBgn0003525",1.529267072,994,"CDC25B"
"FBgn0003525",1.529267072,995,"CDC25C"
"FBgn0003691",1.933799722,79444,"BIRC7"
"FBgn0003716",1.669964589,657,"BMPR1A"
"FBgn0003716",1.669964589,658,"BMPR1B"
"FBgn0003748",1.744113904,11181,"TREH"
"FBgn0003870",1.520449549,84878,"ZBTB45"
"FBgn0003870",1.520449549,9841,"ZBTB24"
"FBgn0003870",1.520449549,112939,"NACC1"
"FBgn0003870",1.520449549,7709,"ZBTB17"
"FBgn0003870",1.520449549,84614,"ZBTB37"
"FBgn0003870",1.520449549,9880,"ZBTB39"
"FBgn0003888",1.769624001,10381,"TUBB3"
"FBgn0003888",1.769624001,84617,"TUBB6"
"FBgn0004197",1.500036541,3714,"JAG2"
"FBgn0004197",1.500036541,182,"JAG1"
"FBgn0004198",1.611670108,1523,"CUX1"
"FBgn0004198",1.611670108,23316,"CUX2"
"FBgn0004210",1.606494597,11221,"DUSP10"
"FBgn0004396",1.903978995,90993,"CREB3L1"
"FBgn0004396",1.903978995,64764,"CREB3L2"
"FBgn0004449",1.67569904,57451,"ODZ2"
"FBgn0004449",1.67569904,55714,"ODZ3"
"FBgn0004449",1.67569904,26011,"ODZ4"
"FBgn0004449",1.67569904,10178,"ODZ1"
"FBgn0004583",1.617387439,122786,"FRMD6"
"FBgn0004583",1.617387439,79981,"FRMD1"
"FBgn0004606",1.774981855,6935,"ZEB1"
"FBgn0004606",1.774981855,9839,"ZEB2"
"FBgn0004607",2.267487185,463,"ZFHX3"
"FBgn0004607",2.267487185,79776,"ZFHX4"
"FBgn0004607",2.267487185,85446,"ZFHX2"
"FBgn0004625",1.723562772,5332,"PLCB4"
"FBgn0004647",1.76021977,4851,"NOTCH1"
"FBgn0004647",1.76021977,4853,"NOTCH2"
"FBgn0004647",1.76021977,4854,"NOTCH3"
"FBgn0004647",1.76021977,4855,"NOTCH4"
"FBgn0004652",1.883362088,9880,"ZBTB39"
"FBgn0004657",1.526708463,3688,"ITGB1"
"FBgn0004657",1.526708463,3689,"ITGB2"
"FBgn0004657",1.526708463,3695,"ITGB7"
"FBgn0004657",1.526708463,3690,"ITGB3"
"FBgn0004657",1.526708463,3691,"ITGB4"
"FBgn0004657",1.526708463,3694,"ITGB6"
"FBgn0004657",1.526708463,3693,"ITGB5"
"FBgn0004797",1.951265279,8694,"DGAT1"
"FBgn0004834",2.078502465,2869,"GRK5"
"FBgn0004834",2.078502465,2868,"GRK4"
"FBgn0004834",2.078502465,2870,"GRK6"
"FBgn0004860",1.566574101,1912,"PHC2"
"FBgn0004860",1.566574101,80012,"PHC3"
"FBgn0004860",1.566574101,1911,"PHC1"
"FBgn0004860",1.566574101,344658,"SAMD7"
"FBgn0004860",1.566574101,148398,"SAMD11"
"FBgn0004861",1.547990524,1912,"PHC2"
"FBgn0004861",1.547990524,80012,"PHC3"
"FBgn0004861",1.547990524,1911,"PHC1"
"FBgn0004861",1.547990524,344658,"SAMD7"
"FBgn0004861",1.547990524,148398,"SAMD11"
"FBgn0004865",1.531549247,9975,"NR1D2"
"FBgn0004873",1.830112354,118,"ADD1"
"FBgn0004873",1.830112354,119,"ADD2"
"FBgn0004873",1.830112354,120,"ADD3"
"FBgn0004914",2.220769329,3172,"HNF4A"
"FBgn0004914",2.220769329,3174,"HNF4G"
"FBgn0005630",1.523503481,84878,"ZBTB45"
"FBgn0005630",1.523503481,26137,"ZBTB20"
"FBgn0010053",1.732970031,2052,"EPHX1"
"FBgn0010113",1.572752044,51696,"HECA"
"FBgn0010300",1.710452407,10612,"TRIM3"
"FBgn0010338",1.872890769,10905,"MAN1A2"
"FBgn0010338",1.872890769,57134,"MAN1C1"
"FBgn0010338",1.872890769,4121,"MAN1A1"
"FBgn0010397",1.680546369,84823,"LMNB2"
"FBgn0010397",1.680546369,4000,"LMNA"
"FBgn0010397",1.680546369,4001,"LMNB1"
"FBgn0010460",1.7865218,8848,"TSC22D1"
"FBgn0010460",1.7865218,9819,"TSC22D2"
"FBgn0010470",1.525970039,55033,"FKBP14"
"FBgn0010497",1.589903247,10786,"SLC17A3"
"FBgn0010497",1.589903247,63910,"SLC17A9"
"FBgn0010504",1.665171509,126326,"GIPC3"
"FBgn0010504",1.665171509,10755,"GIPC1"
"FBgn0010504",1.665171509,54810,"GIPC2"
"FBgn0010715",1.774098307,9706,"ULK2"
"FBgn0010715",1.774098307,8408,"ULK1"
"FBgn0010762",2.36076387,57459,"GATAD2B"
"FBgn0010762",2.36076387,54815,"GATAD2A"
"FBgn0010851",1.634220768,7358,"UGDH"
"FBgn0011217",1.572547956,7322,"UBE2D2"
"FBgn0011217",1.572547956,7323,"UBE2D3"
"FBgn0011217",1.572547956,51619,"UBE2D4"
"FBgn0011217",1.572547956,7321,"UBE2D1"
"FBgn0011219",1.611487885,27020,"NPTN"
"FBgn0011219",1.611487885,682,"BSG"
"FBgn0011224",1.722518447,5725,"PTBP1"
"FBgn0011224",1.722518447,9991,"ROD1"
"FBgn0011224",1.722518447,58155,"PTBP2"
"FBgn0011236",1.569627154,80345,"ZSCAN16"
"FBgn0011236",1.569627154,7727,"ZNF174"
"FBgn0011236",1.569627154,7626,"ZNF75D"
"FBgn0011236",1.569627154,7627,"ZNF75A"
"FBgn0011236",1.569627154,604,"BCL6"
"FBgn0011596",2.150443326,9927,"MFN2"
"FBgn0011598",1.589815745,1111,"CHEK1"
"FBgn0011661",1.98016632,4478,"MSN"
"FBgn0011661",1.98016632,7430,"EZR"
"FBgn0011661",1.98016632,5962,"RDX"
"FBgn0011739",2.066394157,9113,"LATS1"
"FBgn0011739",2.066394157,26524,"LATS2"
"FBgn0011766",1.52164664,1871,"E2F3"
"FBgn0011766",1.52164664,1869,"E2F1"
"FBgn0011766",1.52164664,1870,"E2F2"
"FBgn0011766",1.52164664,1876,"E2F6"
"FBgn0011837",2.063622411,7538,"ZFP36"
"FBgn0011837",2.063622411,677,"ZFP36L1"
"FBgn0011837",2.063622411,678,"ZFP36L2"
"FBgn0013263",1.538576195,112939,"NACC1"
"FBgn0013263",1.538576195,7709,"ZBTB17"
"FBgn0013263",1.538576195,9880,"ZBTB39"
"FBgn0013469",1.50230812,116412,"ZNF837"
"FBgn0013469",1.50230812,221785,"ZNF498"
"FBgn0013469",1.50230812,125919,"ZNF543"
"FBgn0013469",1.50230812,1958,"EGR1"
"FBgn0013469",1.50230812,1961,"EGR4"
"FBgn0013469",1.50230812,7490,"WT1"
"FBgn0013469",1.50230812,7570,"ZNF22"
"FBgn0013469",1.50230812,1960,"EGR3"
"FBgn0013469",1.50230812,1959,"EGR2"
"FBgn0013576",1.582591532,135112,"NCOA7"
"FBgn0013576",1.582591532,55074,"OXR1"
"FBgn0013576",1.582591532,140711,"C20orf118"
"FBgn0013591",1.63027896,1108,"CHD4"
"FBgn0013591",1.63027896,1107,"CHD3"
"FBgn0013591",1.63027896,26038,"CHD5"
"FBgn0013770",1.577943919,1515,"CTSL2"
"FBgn0013770",1.577943919,1514,"CTSL1"
"FBgn0013770",1.577943919,1520,"CTSS"
"FBgn0013770",1.577943919,1513,"CTSK"
"FBgn0013772",1.667954312,1551,"CYP3A7"
"FBgn0013772",1.667954312,64816,"CYP3A43"
"FBgn0013772",1.667954312,1576,"CYP3A4"
"FBgn0013772",1.667954312,1577,"CYP3A5"
"FBgn0013983",1.686724186,8737,"RIPK1"
"FBgn0013984",2.506822358,3480,"IGF1R"
"FBgn0013984",2.506822358,3643,"INSR"
"FBgn0013984",2.506822358,3645,"INSRR"
"FBgn0014001",1.53522543,5058,"PAK1"
"FBgn0014001",1.53522543,5063,"PAK3"
"FBgn0014001",1.53522543,5062,"PAK2"
"FBgn0014010",2.080085398,5868,"RAB5A"
"FBgn0014010",2.080085398,5869,"RAB5B"
"FBgn0014010",2.080085398,5878,"RAB5C"
"FBgn0014037",1.63027896,22936,"ELL2"
"FBgn0014037",1.63027896,8178,"ELL"
"FBgn0014037",1.63027896,153562,"MARVELD2"
"FBgn0014141",1.518416672,2316,"FLNA"
"FBgn0014141",1.518416672,2318,"FLNC"
"FBgn0014141",1.518416672,2317,"FLNB"
"FBgn0014184",1.587556154,51686,"OAZ3"
"FBgn0014184",1.587556154,4946,"OAZ1"
"FBgn0014388",1.597831718,10251,"SPRY3"
"FBgn0014388",1.597831718,81848,"SPRY4"
"FBgn0014388",1.597831718,10253,"SPRY2"
"FBgn0014388",1.597831718,10252,"SPRY1"
"FBgn0015399",1.502813052,57689,"LRRC4C"
"FBgn0015399",1.502813052,64101,"LRRC4"
"FBgn0015513",1.811432247,1793,"DOCK1"
"FBgn0015513",1.811432247,1794,"DOCK2"
"FBgn0015513",1.811432247,80005,"DOCK5"
"FBgn0015513",1.811432247,1795,"DOCK3"
"FBgn0015541",1.527986486,29953,"TRHDE"
"FBgn0015542",1.750009012,3091,"HIF1A"
"FBgn0015542",1.750009012,2034,"EPAS1"
"FBgn0015542",1.750009012,64344,"HIF3A"
"FBgn0015623",1.59956529,5447,"POR"
"FBgn0015778",1.585247965,9908,"G3BP2"
"FBgn0015778",1.585247965,10146,"G3BP1"
"FBgn0015806",1.570548175,6198,"RPS6KB1"
"FBgn0015806",1.570548175,6199,"RPS6KB2"
"FBgn0015954",1.519118935,102,"ADAM10"
"FBgn0016031",1.777361146,196463,"PLBD2"
"FBgn0016031",1.777361146,79887,"PLBD1"
"FBgn0016131",1.571491432,1021,"CDK6"
"FBgn0016131",1.571491432,1019,"CDK4"
"FBgn0016694",1.505582589,3131,"HLF"
"FBgn0016694",1.505582589,7008,"TEF"
"FBgn0016694",1.505582589,1628,"DBP"
"FBgn0016917",1.660097491,6776,"STAT5A"
"FBgn0016917",1.660097491,6777,"STAT5B"
"FBgn0016917",1.660097491,6778,"STAT6"
"FBgn0017581",1.713289646,8569,"MKNK1"
"FBgn0017581",1.713289646,2872,"MKNK2"
"FBgn0019650",2.659589803,5080,"PAX6"
"FBgn0020236",1.608788092,47,"ACLY"
"FBgn0020238",1.796341308,7531,"YWHAE"
"FBgn0020245",1.680546369,2131,"EXT1"
"FBgn0020245",1.680546369,2134,"EXTL1"
"FBgn0020249",1.528434644,3987,"LIMS1"
"FBgn0020249",1.528434644,55679,"LIMS2"
"FBgn0020249",1.528434644,100288695,"LIMS3L"
"FBgn0020257",1.500356416,144699,"FBXL14"
"FBgn0020304",1.577251597,3267,"AGFG1"
"FBgn0020304",1.577251597,3268,"AGFG2"
"FBgn0020386",1.57527387,5170,"PDPK1"
"FBgn0020647",2.731240576,23241,"PACS2"
"FBgn0020647",2.731240576,55690,"PACS1"
"FBgn0022160",1.946758039,2820,"GPD2"
"FBgn0022361",1.649705952,5814,"PURB"
"FBgn0022361",1.649705952,5813,"PURA"
"FBgn0022361",1.649705952,29942,"PURG"
"FBgn0023215",1.535138098,4335,"MNT"
"FBgn0023507",2.085962513,728294,"D2HGDH"
"FBgn0024252",1.765848235,317,"APAF1"
"FBgn0024277",1.534937629,7204,"TRIO"
"FBgn0024277",1.534937629,8997,"KALRN"
"FBgn0024277",1.534937629,115557,"ARHGEF25"
"FBgn0024308",2.05320745,9612,"NCOR2"
"FBgn0024308",2.05320745,9611,"NCOR1"
"FBgn0024321",2.086721136,55740,"ENAH"
"FBgn0024321",2.086721136,3195,"TLX1"
"FBgn0024321",2.086721136,30012,"TLX3"
"FBgn0024321",2.086721136,3196,"TLX2"
"FBgn0024321",2.086721136,2016,"EMX1"
"FBgn0024321",2.086721136,3167,"HMX2"
"FBgn0024734",1.506383466,7803,"PTP4A1"
"FBgn0024734",1.506383466,8073,"PTP4A2"
"FBgn0024734",1.506383466,11156,"PTP4A3"
"FBgn0024988",1.91475108,81691,"LOC81691"
"FBgn0024988",1.91475108,81875,"ISG20L2"
"FBgn0024988",1.91475108,100288470,"LOC100288470"
"FBgn0024988",1.91475108,254958,"REXO1L1"
"FBgn0024988",1.91475108,57455,"REXO1"
"FBgn0025621",1.71733144,63897,"HEATR6"
"FBgn0025628",1.511011323,150209,"AIFM3"
"FBgn0025630",1.511011323,8634,"RTCD1"
"FBgn0025633",1.684907481,23384,"SPECC1L"
"FBgn0025633",1.684907481,92521,"SPECC1"
"FBgn0025633",1.684907481,135,"ADORA2A"
"FBgn0025683",1.684148934,64137,"ABCG4"
"FBgn0025701",1.659061714,10257,"ABCC4"
"FBgn0025741",1.60621714,5362,"PLXNA2"
"FBgn0025741",1.60621714,5361,"PLXNA1"
"FBgn0025741",1.60621714,55558,"PLXNA3"
"FBgn0025741",1.60621714,91584,"PLXNA4"
"FBgn0025803",1.717219597,51422,"PRKAG2"
"FBgn0025803",1.717219597,5571,"PRKAG1"
"FBgn0025803",1.717219597,53632,"PRKAG3"
"FBgn0025814",1.611377643,4257,"MGST1"
"FBgn0025814",1.611377643,9536,"PTGES"
"FBgn0026188",1.785469072,4857,"NOVA1"
"FBgn0026188",1.785469072,4858,"NOVA2"
"FBgn0026259",1.505432852,9669,"EIF5B"
"FBgn0026630",1.582556645,10162,"LPCAT3"
"FBgn0026713",1.748775445,9785,"DHX38"
"FBgn0026869",1.715997812,6996,"TDG"
"FBgn0027499",1.569827234,55729,"ATF7IP"
"FBgn0027534",1.566561183,79595,"SAP130"
"FBgn0027539",1.699145614,55716,"LMBR1L"
"FBgn0027539",1.699145614,64327,"LMBR1"
"FBgn0027542",1.790218965,5968,"REG1B"
"FBgn0027542",1.790218965,5967,"REG1A"
"FBgn0027542",1.790218965,7062,"TCHH"
"FBgn0027571",1.662084335,2194,"FASN"
"FBgn0027581",2.194412674,91768,"CABLES1"
"FBgn0027581",2.194412674,81928,"CABLES2"
"FBgn0027596",1.725315933,23189,"KANK1"
"FBgn0027596",1.725315933,256949,"KANK3"
"FBgn0027596",1.725315933,25959,"KANK2"
"FBgn0027596",1.725315933,163782,"KANK4"
"FBgn0027598",1.536712375,23607,"CD2AP"
"FBgn0027598",1.536712375,30011,"SH3KBP1"
"FBgn0027601",1.862661551,80221,"ACSF2"
"FBgn0027835",1.686724186,3069,"HDLBP"
"FBgn0027842",2.481183093,1374,"CPT1A"
"FBgn0027842",2.481183093,1375,"CPT1B"
"FBgn0027842",2.481183093,126129,"CPT1C"
"FBgn0027842",2.481183093,1120,"CHKB"
"FBgn0027844",1.512661497,766,"CA7"
"FBgn0027844",1.512661497,760,"CA2"
"FBgn0027844",1.512661497,377677,"CA13"
"FBgn0027844",1.512661497,761,"CA3"
"FBgn0027844",1.512661497,763,"CA5A"
"FBgn0027844",1.512661497,759,"CA1"
"FBgn0027844",1.512661497,11238,"CA5B"
"FBgn0028383",1.65734712,10250,"SRRM1"
"FBgn0028397",1.543843073,10140,"TOB1"
"FBgn0028397",1.543843073,10766,"TOB2"
"FBgn0028420",1.506504573,26149,"ZNF658"
"FBgn0028420",1.506504573,7712,"ZNF157"
"FBgn0028420",1.506504573,7574,"ZNF26"
"FBgn0028420",1.506504573,219749,"ZNF25"
"FBgn0028420",1.506504573,162239,"ZFP1"
"FBgn0028420",1.506504573,7629,"ZNF76"
"FBgn0028420",1.506504573,7776,"ZNF236"
"FBgn0028420",1.506504573,166793,"ZBTB49"
"FBgn0028420",1.506504573,55769,"ZNF83"
"FBgn0028420",1.506504573,7702,"ZNF143"
"FBgn0028420",1.506504573,9841,"ZBTB24"
"FBgn0028469",1.690747672,162515,"SLC16A11"
"FBgn0028469",1.690747672,9122,"SLC16A4"
"FBgn0028469",1.690747672,220963,"SLC16A9"
"FBgn0028469",1.690747672,151473,"SLC16A14"
"FBgn0028469",1.690747672,6567,"SLC16A2"
"FBgn0028469",1.690747672,117247,"SLC16A10"
"FBgn0028645",2.047430595,253559,"CADM2"
"FBgn0028645",2.047430595,23705,"CADM1"
"FBgn0028670",1.683837582,50617,"ATP6V0A4"
"FBgn0028670",1.683837582,535,"ATP6V0A1"
"FBgn0028670",1.683837582,23545,"ATP6V0A2"
"FBgn0028670",1.683837582,10312,"TCIRG1"
"FBgn0028978",1.576174866,28951,"TRIB2"
"FBgn0028978",1.576174866,57761,"TRIB3"
"FBgn0028978",1.576174866,10221,"TRIB1"
"FBgn0029092",1.546931977,51454,"GULP1"
"FBgn0029095",1.647013175,2059,"EPS8"
"FBgn0029095",1.647013175,64787,"EPS8L2"
"FBgn0029095",1.647013175,54869,"EPS8L1"
"FBgn0029095",1.647013175,79574,"EPS8L3"
"FBgn0029504",2.162794188,1112,"FOXN3"
"FBgn0029504",2.162794188,3344,"FOXN2"
"FBgn0029687",1.549425162,9218,"VAPA"
"FBgn0029687",1.549425162,9217,"VAPB"
"FBgn0029763",1.500012873,85015,"USP45"
"FBgn0029763",1.500012873,10600,"USP16"
"FBgn0029791",1.691250633,81792,"ADAMTS12"
"FBgn0029791",1.691250633,11173,"ADAMTS7"
"FBgn0029881",1.541982121,10634,"GAS2L1"
"FBgn0029881",1.541982121,246176,"GAS2L2"
"FBgn0029896",1.509278876,9899,"SV2B"
"FBgn0029896",1.509278876,9900,"SV2A"
"FBgn0029896",1.509278876,22987,"SV2C"
"FBgn0030038",1.50055984,642,"BLMH"
"FBgn0030329",1.627489351,81567,"TXNDC5"
"FBgn0030400",2.063930849,64207,"IRF2BPL"
"FBgn0030400",2.063930849,359948,"IRF2BP2"
"FBgn0030400",2.063930849,26145,"IRF2BP1"
"FBgn0030420",1.507879818,57337,"SENP7"
"FBgn0030420",1.507879818,26054,"SENP6"
"FBgn0030505",1.545123018,10725,"NFAT5"
"FBgn0030505",1.545123018,4772,"NFATC1"
"FBgn0030505",1.545123018,4773,"NFATC2"
"FBgn0030505",1.545123018,4776,"NFATC4"
"FBgn0030505",1.545123018,4775,"NFATC3"
"FBgn0030520",1.549042786,27250,"PDCD4"
"FBgn0030529",1.64741301,1193,"CLIC2"
"FBgn0030529",1.64741301,53405,"CLIC5"
"FBgn0030529",1.64741301,25932,"CLIC4"
"FBgn0030529",1.64741301,9022,"CLIC3"
"FBgn0030529",1.64741301,1192,"CLIC1"
"FBgn0030529",1.64741301,54102,"CLIC6"
"FBgn0030608",1.708357223,123,"PLIN2"
"FBgn0030820",1.683441427,23187,"PHLDB1"
"FBgn0030820",1.683441427,90102,"PHLDB2"
"FBgn0030842",1.832073654,9639,"ARHGEF10"
"FBgn0030842",1.832073654,55160,"ARHGEF10L"
"FBgn0030932",2.050298115,2678,"GGT1"
"FBgn0030932",2.050298115,728441,"GGT2"
"FBgn0030955",1.698669375,23406,"COTL1"
"FBgn0030964",1.556355415,5154,"PDGFA"
"FBgn0030964",1.556355415,5228,"PGF"
"FBgn0030964",1.556355415,7424,"VEGFC"
"FBgn0030964",1.556355415,2277,"FIGF"
"FBgn0030964",1.556355415,7422,"VEGFA"
"FBgn0030964",1.556355415,7423,"VEGFB"
"FBgn0030986",1.704555193,9743,"ARHGAP32"
"FBgn0030993",1.552708411,30968,"STOML2"
"FBgn0030993",1.552708411,161003,"STOML3"
"FBgn0030993",1.552708411,2040,"STOM"
"FBgn0031118",1.539529016,57584,"ARHGAP21"
"FBgn0031118",1.539529016,57636,"ARHGAP23"
"FBgn0031126",1.900083055,64816,"CYP3A43"
"FBgn0031126",1.900083055,1551,"CYP3A7"
"FBgn0031126",1.900083055,1576,"CYP3A4"
"FBgn0031126",1.900083055,1577,"CYP3A5"
"FBgn0031126",1.900083055,6916,"TBXAS1"
"FBgn0031148",1.969585235,875,"CBS"
"FBgn0031149",1.557515549,3703,"STT3A"
"FBgn0031150",1.744041729,11149,"BVES"
"FBgn0031150",1.744041729,64091,"POPDC2"
"FBgn0031150",1.744041729,64208,"POPDC3"
"FBgn0031187",1.893760836,9099,"USP2"
"FBgn0031187",1.893760836,27005,"USP21"
"FBgn0031381",1.511698638,10577,"NPC2"
"FBgn0031449",1.568177812,9619,"ABCG1"
"FBgn0031681",1.768068328,2589,"GALNT1"
"FBgn0031681",1.768068328,114805,"GALNT13"
"FBgn0031948",1.512813115,85465,"EPT1"
"FBgn0031993",1.632501264,63895,"PIEZO2"
"FBgn0031993",1.632501264,9780,"PIEZO1"
"FBgn0032006",2.089739985,2324,"FLT4"
"FBgn0032006",2.089739985,2321,"FLT1"
"FBgn0032006",2.089739985,3791,"KDR"
"FBgn0032006",2.089739985,5159,"PDGFRB"
"FBgn0032078",1.537715165,56913,"C1GALT1"
"FBgn0032330",1.710594915,148398,"SAMD11"
"FBgn0032400",1.627250964,26471,"NUPR1"
"FBgn0032455",1.739680299,55011,"PIH1D1"
"FBgn0032456",1.739680299,4363,"ABCC1"
"FBgn0032456",1.739680299,8714,"ABCC3"
"FBgn0032456",1.739680299,1244,"ABCC2"
"FBgn0032456",1.739680299,368,"ABCC6"
"FBgn0032482",1.545649505,5833,"PCYT2"
"FBgn0032497",1.531143535,3713,"IVL"
"FBgn0032609",1.951265279,27294,"DHDH"
"FBgn0032889",1.655003515,9380,"GRHPR"
"FBgn0032901",1.668949205,57465,"TBC1D24"
"FBgn0033075",1.689554938,5338,"PLD2"
"FBgn0033075",1.689554938,5337,"PLD1"
"FBgn0033079",1.521110289,2330,"FMO5"
"FBgn0033079",1.521110289,2327,"FMO2"
"FBgn0033079",1.521110289,2329,"FMO4"
"FBgn0033079",1.521110289,2326,"FMO1"
"FBgn0033079",1.521110289,2328,"FMO3"
"FBgn0033196",1.513999422,55640,"FLVCR2"
"FBgn0033196",1.513999422,28982,"FLVCR1"
"FBgn0033269",2.034955017,64900,"LPIN3"
"FBgn0033269",2.034955017,9663,"LPIN2"
"FBgn0033269",2.034955017,23175,"LPIN1"
"FBgn0033310",1.968274972,51058,"ZNF691"
"FBgn0033310",1.968274972,79692,"ZNF322"
"FBgn0033310",1.968274972,387328,"ZNF322P1"
"FBgn0033421",1.654875062,5887,"RAD23B"
"FBgn0033421",1.654875062,5886,"RAD23A"
"FBgn0033483",1.543857261,1896,"EDA"
"FBgn0033544",1.502451016,55284,"UBE2W"
"FBgn0033547",1.684674596,79064,"TMEM223"
"FBgn0033844",1.799901765,10390,"CEPT1"
"FBgn0033844",1.799901765,56994,"CHPT1"
"FBgn0033912",1.584345584,6228,"RPS23"
"FBgn0033982",1.543370938,64816,"CYP3A43"
"FBgn0033982",1.543370938,1551,"CYP3A7"
"FBgn0033982",1.543370938,1576,"CYP3A4"
"FBgn0033982",1.543370938,1577,"CYP3A5"
"FBgn0033982",1.543370938,6916,"TBXAS1"
"FBgn0034158",1.550957946,9649,"RALGPS1"
"FBgn0034158",1.550957946,55103,"RALGPS2"
"FBgn0034181",1.856087626,10605,"PAIP1"
"FBgn0034405",1.564288876,2052,"EPHX1"
"FBgn0034421",1.636495683,8491,"MAP4K3"
"FBgn0034421",1.636495683,11183,"MAP4K5"
"FBgn0034421",1.636495683,5871,"MAP4K2"
"FBgn0034421",1.636495683,11184,"MAP4K1"
"FBgn0034603",1.67382959,2992,"GYG1"
"FBgn0034603",1.67382959,8908,"GYG2"
"FBgn0035049",2.053899546,4323,"MMP14"
"FBgn0035049",2.053899546,10893,"MMP24"
"FBgn0035084",1.575429361,11197,"WIF1"
"FBgn0035084",1.575429361,51172,"NAGPA"
"FBgn0035397",1.565704412,255967,"PAN3"
"FBgn0035499",1.532923992,29114,"TAGLN3"
"FBgn0035499",1.532923992,8407,"TAGLN2"
"FBgn0035849",1.800344267,2103,"ESRRB"
"FBgn0035849",1.800344267,2101,"ESRRA"
"FBgn0035849",1.800344267,2104,"ESRRG"
"FBgn0036030",1.668782916,5634,"PRPS2"
"FBgn0036030",1.668782916,5631,"PRPS1"
"FBgn0036030",1.668782916,221823,"PRPS1L1"
"FBgn0036043",1.505354343,6508,"SLC4A3"
"FBgn0036043",1.505354343,6522,"SLC4A2"
"FBgn0036043",1.505354343,6521,"SLC4A1"
"FBgn0036147",1.510821886,8985,"PLOD3"
"FBgn0036147",1.510821886,5351,"PLOD1"
"FBgn0036147",1.510821886,5352,"PLOD2"
"FBgn0036398",1.528700812,55209,"SETD5"
"FBgn0036398",1.528700812,55904,"MLL5"
"FBgn0036428",1.691857849,5507,"PPP1R3C"
"FBgn0036428",1.691857849,79660,"PPP1R3B"
"FBgn0036493",1.603720739,84889,"SLC7A3"
"FBgn0036493",1.603720739,6541,"SLC7A1"
"FBgn0036493",1.603720739,6542,"SLC7A2"
"FBgn0036502",1.533132497,84331,"FAM195A"
"FBgn0036518",1.54480712,57569,"ARHGAP20"
"FBgn0036534",1.552803922,167227,"DCP2"
"FBgn0036663",1.942769844,1806,"DPYD"
"FBgn0036663",1.942769844,1723,"DHODH"
"FBgn0036732",1.807011921,11309,"SLCO2B1"
"FBgn0036732",1.807011921,6578,"SLCO2A1"
"FBgn0036732",1.807011921,28232,"SLCO3A1"
"FBgn0036736",1.588887541,4734,"NEDD4"
"FBgn0036736",1.588887541,23327,"NEDD4L"
"FBgn0036816",1.579820266,9058,"SLC13A2"
"FBgn0036816",1.579820266,284111,"SLC13A5"
"FBgn0036816",1.579820266,64849,"SLC13A3"
"FBgn0036816",1.579820266,6561,"SLC13A1"
"FBgn0036816",1.579820266,26266,"SLC13A4"
"FBgn0036824",1.511733059,36,"ACADSB"
"FBgn0037607",1.847475549,84076,"TKTL2"
"FBgn0037607",1.847475549,7086,"TKT"
"FBgn0037607",1.847475549,8277,"TKTL1"
"FBgn0037720",1.512803805,163933,"FAM43B"
"FBgn0037720",1.512803805,131583,"FAM43A"
"FBgn0037813",1.590921417,8553,"BHLHE40"
"FBgn0037813",1.590921417,79365,"BHLHE41"
"FBgn0037813",1.590921417,391723,"HELT"
"FBgn0037842",1.558047094,127018,"LYPLAL1"
"FBgn0037872",1.555529211,25819,"CCRN4L"
"FBgn0038074",1.592132722,27232,"GNMT"
"FBgn0038100",1.624145692,51247,"PAIP2"
"FBgn0038100",1.624145692,400961,"PAIP2B"
"FBgn0038197",2.096158539,2308,"FOXO1"
"FBgn0038197",2.096158539,2309,"FOXO3"
"FBgn0038197",2.096158539,4303,"FOXO4"
"FBgn0038256",1.809272823,152559,"PAQR3"
"FBgn0038286",1.681350529,56929,"FEM1C"
"FBgn0038286",1.681350529,55527,"FEM1A"
"FBgn0038475",2.020770979,9817,"KEAP1"
"FBgn0038638",1.55517842,164312,"LRRN4"
"FBgn0038638",1.55517842,11081,"KERA"
"FBgn0038638",1.55517842,79883,"PODNL1"
"FBgn0038638",1.55517842,7099,"TLR4"
"FBgn0038747",1.500365855,55114,"ARHGAP17"
"FBgn0038747",1.500365855,9912,"ARHGAP44"
"FBgn0038747",1.500365855,23616,"SH3BP1"
"FBgn0039109",1.765396635,79094,"CHAC1"
"FBgn0039209",1.997948746,153222,"C5orf41"
"FBgn0039644",1.738207402,10257,"ABCC4"
"FBgn0039858",1.653039069,900,"CCNG1"
"FBgn0039858",1.653039069,901,"CCNG2"
"FBgn0039886",1.722518447,10786,"SLC17A3"
"FBgn0039886",1.722518447,10050,"SLC17A4"
"FBgn0039886",1.722518447,6568,"SLC17A1"
"FBgn0039886",1.722518447,63910,"SLC17A9"
"FBgn0039908",1.528377625,146057,"TTBK2"
"FBgn0039908",1.528377625,84630,"TTBK1"
"FBgn0040071",1.70413373,55038,"CDCA4"
"FBgn0040071",1.70413373,9792,"SERTAD2"
"FBgn0040108",1.91069046,23367,"LARP1"
"FBgn0040108",1.91069046,55132,"LARP1B"
"FBgn0040229",1.556946761,80206,"FHOD3"
"FBgn0040229",1.556946761,29109,"FHOD1"
"FBgn0040297",1.511655996,6550,"SLC9A3"
"FBgn0040297",1.511655996,6553,"SLC9A5"
"FBgn0040297",1.511655996,6549,"SLC9A2"
"FBgn0040297",1.511655996,6548,"SLC9A1"
"FBgn0040297",1.511655996,389015,"SLC9A4"
"FBgn0040309",1.586446998,7001,"PRDX2"
"FBgn0040309",1.586446998,5052,"PRDX1"
"FBgn0040319",2.153651137,2729,"GCLC"
"FBgn0040383",2.002472286,89874,"SLC25A21"
"FBgn0040395",1.523061779,9637,"FEZ2"
"FBgn0040395",1.523061779,9638,"FEZ1"
"FBgn0040752",1.594944834,50944,"SHANK1"
"FBgn0040752",1.594944834,22941,"SHANK2"
"FBgn0040752",1.594944834,85358,"SHANK3"
"FBgn0041184",1.615671354,122809,"SOCS4"
"FBgn0041184",1.615671354,9655,"SOCS5"
"FBgn0041203",1.571916452,3984,"LIMK1"
"FBgn0041203",1.571916452,3985,"LIMK2"
"FBgn0041210",1.685411344,9759,"HDAC4"
"FBgn0041210",1.685411344,51564,"HDAC7"
"FBgn0041210",1.685411344,9734,"HDAC9"
"FBgn0041210",1.685411344,10014,"HDAC5"
"FBgn0041342",1.56210378,5130,"PCYT1A"
"FBgn0041342",1.56210378,9468,"PCYT1B"
"FBgn0041629",1.528114624,3073,"HEXA"
"FBgn0041629",1.528114624,3074,"HEXB"
"FBgn0041789",1.532616927,7041,"TGFB1I1"
"FBgn0041789",1.532616927,5829,"PXN"
"FBgn0041789",1.532616927,9404,"LPXN"
"FBgn0042185",1.505793259,90550,"MCU"
"FBgn0042185",1.505793259,55013,"CCDC109B"
"FBgn0043364",1.611674457,8462,"KLF11"
"FBgn0043364",1.611674457,7071,"KLF10"
"FBgn0044020",1.858223343,9616,"RNF7"
"FBgn0044826",1.680143166,5058,"PAK1"
"FBgn0045852",2.140638831,2122,"MECOM"
"FBgn0045852",2.140638831,63976,"PRDM16"
"FBgn0046225",1.581206165,84260,"TCHP"
"FBgn0046225",1.581206165,220136,"CCDC11"
"FBgn0050497",1.835210337,54855,"FAM46C"
"FBgn0050497",1.835210337,55603,"FAM46A"
"FBgn0050497",1.835210337,169966,"FAM46D"
"FBgn0050497",1.835210337,115572,"FAM46B"
"FBgn0051232",1.519366978,92002,"FAM58A"
"FBgn0051738",1.764893255,22862,"FNDC3A"
"FBgn0051738",1.764893255,64778,"FNDC3B"
"FBgn0052138",1.783683952,91010,"FMNL3"
"FBgn0052138",1.783683952,752,"FMNL1"
"FBgn0052138",1.783683952,114793,"FMNL2"
"FBgn0052486",1.552025305,50626,"CYHR1"
"FBgn0052529",1.669367523,22893,"BAHD1"
"FBgn0052626",1.523201425,271,"AMPD2"
"FBgn0052626",1.523201425,272,"AMPD3"
"FBgn0052626",1.523201425,270,"AMPD1"
"FBgn0052676",1.578385745,90007,"MIDN"
"FBgn0052699",1.804833647,79888,"LPCAT1"
"FBgn0052699",1.804833647,54947,"LPCAT2"
"FBgn0052699",1.804833647,254531,"LPCAT4"
"FBgn0052758",2.218230412,81609,"SNX27"
"FBgn0053080",2.568738978,57462,"KIAA1161"
"FBgn0053503",1.597013567,1591,"CYP24A1"
"FBgn0053503",1.597013567,1593,"CYP27A1"
"FBgn0053715",1.59248042,23345,"SYNE1"
"FBgn0053936",1.705491067,54469,"ZFAND6"
"FBgn0053936",1.705491067,7763,"ZFAND5"
"FBgn0053967",1.743122763,23286,"WWC1"
"FBgn0053967",1.743122763,80014,"WWC2"
"FBgn0053967",1.743122763,55841,"WWC3"
"FBgn0067783",1.575576979,284439,"SLC25A42"
"FBgn0067783",1.575576979,8034,"SLC25A16"
"FBgn0085375",1.647374112,23099,"ZBTB43"
"FBgn0085375",1.647374112,221504,"ZBTB9"
"FBgn0085375",1.647374112,147808,"ZNF784"
"FBgn0085402",1.546363097,23098,"SARM1"
"FBgn0085405",1.669963415,112939,"NACC1"
"FBgn0085405",1.669963415,7709,"ZBTB17"
"FBgn0085405",1.669963415,9880,"ZBTB39"
"FBgn0085430",2.149560299,23053,"KIAA0913"
"FBgn0085443",1.977433244,54453,"RIN2"
"FBgn0085443",1.977433244,79890,"RIN3"
"FBgn0085450",1.797351331,6498,"SKIL"
"FBgn0085450",1.797351331,6497,"SKI"
"FBgn0086450",1.513398043,1806,"DPYD"
"FBgn0086689",1.872024973,54583,"EGLN1"
"FBgn0086689",1.872024973,112399,"EGLN3"
"FBgn0086689",1.872024973,112398,"EGLN2"
"FBgn0086758",1.80946532,60468,"BACH2"
"FBgn0086758",1.80946532,7709,"ZBTB17"
"FBgn0086758",1.80946532,9880,"ZBTB39"
"FBgn0086899",1.791945232,11011,"TLK2"
"FBgn0086899",1.791945232,9874,"TLK1"
