Term	P-value	Genes
HMDB00051	7.411302651915728E-4	PADI4,GMPR,TGM2
HMDB06750	0.047136262600346444	B3GNT5
HMDB04866	0.047136262600346444	B3GNT5
HMDB04874	0.047136262600346444	B3GNT5
HMDB04873	0.047136262600346444	B3GNT5
HMDB04872	0.047136262600346444	B3GNT5
HMDB04876	0.047136262600346444	B3GNT5
HMDB00517	0.07741941267288538	PADI4
HMDB00290	0.08039868259993593	B3GNT5
HMDB01349	0.08336913100118214	SELENBP1
HMDB00097	0.0863307816276272	PLD3
HMDB00641	0.0863307816276272	TGM2
HMDB00175	0.0892836581743831	GMPR
HMDB11390	0.0922277842794461	PLD3
HMDB11395	0.0922277842794461	PLD3
HMDB11396	0.0922277842794461	PLD3
HMDB11393	0.0922277842794461	PLD3
HMDB11394	0.0922277842794461	PLD3
HMDB11391	0.0922277842794461	PLD3
HMDB11392	0.0922277842794461	PLD3
HMDB11337	0.0922277842794461	PLD3
HMDB11339	0.0922277842794461	PLD3
HMDB11336	0.0922277842794461	PLD3
HMDB11335	0.0922277842794461	PLD3
HMDB11342	0.0922277842794461	PLD3
HMDB11343	0.0922277842794461	PLD3
HMDB11340	0.0922277842794461	PLD3
HMDB11341	0.0922277842794461	PLD3
HMDB11349	0.0922277842794461	PLD3
HMDB11348	0.0922277842794461	PLD3
HMDB11347	0.0922277842794461	PLD3
HMDB11346	0.0922277842794461	PLD3
HMDB11345	0.0922277842794461	PLD3
HMDB11344	0.0922277842794461	PLD3
HMDB11350	0.0922277842794461	PLD3
HMDB11352	0.0922277842794461	PLD3
HMDB11351	0.0922277842794461	PLD3
HMDB11354	0.0922277842794461	PLD3
HMDB11353	0.0922277842794461	PLD3
HMDB11355	0.0922277842794461	PLD3
HMDB11356	0.0922277842794461	PLD3
HMDB11357	0.0922277842794461	PLD3
HMDB11358	0.0922277842794461	PLD3
HMDB11359	0.0922277842794461	PLD3
HMDB11360	0.0922277842794461	PLD3
HMDB11363	0.0922277842794461	PLD3
HMDB11362	0.0922277842794461	PLD3
HMDB11368	0.0922277842794461	PLD3
HMDB11369	0.0922277842794461	PLD3
HMDB11374	0.0922277842794461	PLD3
HMDB11373	0.0922277842794461	PLD3
HMDB11376	0.0922277842794461	PLD3
HMDB11375	0.0922277842794461	PLD3
HMDB11370	0.0922277842794461	PLD3
HMDB11372	0.0922277842794461	PLD3
HMDB11371	0.0922277842794461	PLD3
HMDB11377	0.0922277842794461	PLD3
HMDB11378	0.0922277842794461	PLD3
HMDB11379	0.0922277842794461	PLD3
HMDB11387	0.0922277842794461	PLD3
HMDB11386	0.0922277842794461	PLD3
HMDB11384	0.0922277842794461	PLD3
HMDB11383	0.0922277842794461	PLD3
HMDB11382	0.0922277842794461	PLD3
HMDB11381	0.0922277842794461	PLD3
HMDB11380	0.0922277842794461	PLD3
HMDB11388	0.0922277842794461	PLD3
HMDB11389	0.0922277842794461	PLD3
HMDB11450	0.0922277842794461	PLD3
HMDB11451	0.0922277842794461	PLD3
HMDB11452	0.0922277842794461	PLD3
HMDB11453	0.0922277842794461	PLD3
HMDB11459	0.0922277842794461	PLD3
HMDB11458	0.0922277842794461	PLD3
HMDB11455	0.0922277842794461	PLD3
HMDB11454	0.0922277842794461	PLD3
HMDB11457	0.0922277842794461	PLD3
HMDB11456	0.0922277842794461	PLD3
HMDB11461	0.0922277842794461	PLD3
HMDB11462	0.0922277842794461	PLD3
HMDB11460	0.0922277842794461	PLD3
HMDB11435	0.0922277842794461	PLD3
HMDB11434	0.0922277842794461	PLD3
HMDB11437	0.0922277842794461	PLD3
HMDB11436	0.0922277842794461	PLD3
HMDB11439	0.0922277842794461	PLD3
HMDB11438	0.0922277842794461	PLD3
HMDB11441	0.0922277842794461	PLD3
HMDB11442	0.0922277842794461	PLD3
HMDB11440	0.0922277842794461	PLD3
HMDB11446	0.0922277842794461	PLD3
HMDB11445	0.0922277842794461	PLD3
HMDB11444	0.0922277842794461	PLD3
HMDB11443	0.0922277842794461	PLD3
HMDB11449	0.0922277842794461	PLD3
HMDB11448	0.0922277842794461	PLD3
HMDB11447	0.0922277842794461	PLD3
HMDB11416	0.0922277842794461	PLD3
HMDB11417	0.0922277842794461	PLD3
HMDB11414	0.0922277842794461	PLD3
HMDB11415	0.0922277842794461	PLD3
HMDB11412	0.0922277842794461	PLD3
HMDB11413	0.0922277842794461	PLD3
HMDB11410	0.0922277842794461	PLD3
HMDB11411	0.0922277842794461	PLD3
HMDB11418	0.0922277842794461	PLD3
HMDB11419	0.0922277842794461	PLD3
HMDB11425	0.0922277842794461	PLD3
HMDB11426	0.0922277842794461	PLD3
HMDB11427	0.0922277842794461	PLD3
HMDB11428	0.0922277842794461	PLD3
HMDB11421	0.0922277842794461	PLD3
HMDB11422	0.0922277842794461	PLD3
HMDB11423	0.0922277842794461	PLD3
HMDB11424	0.0922277842794461	PLD3
HMDB11429	0.0922277842794461	PLD3
HMDB11420	0.0922277842794461	PLD3
HMDB11401	0.0922277842794461	PLD3
HMDB11402	0.0922277842794461	PLD3
HMDB11403	0.0922277842794461	PLD3
HMDB11404	0.0922277842794461	PLD3
HMDB11405	0.0922277842794461	PLD3
HMDB11406	0.0922277842794461	PLD3
HMDB11407	0.0922277842794461	PLD3
HMDB11408	0.0922277842794461	PLD3
HMDB11409	0.0922277842794461	PLD3
HMDB11152	0.0922277842794461	PLD3
HMDB11157	0.0922277842794461	PLD3
HMDB11158	0.12688328905141757	PLD3
HMDB09764	0.1297157844641137	PLD3
HMDB09763	0.1297157844641137	PLD3
HMDB09766	0.1297157844641137	PLD3
HMDB09765	0.1297157844641137	PLD3
HMDB09768	0.1297157844641137	PLD3
HMDB09767	0.1297157844641137	PLD3
HMDB09769	0.1297157844641137	PLD3
HMDB09760	0.1297157844641137	PLD3
HMDB09762	0.1297157844641137	PLD3
HMDB09761	0.1297157844641137	PLD3
HMDB09755	0.1297157844641137	PLD3
HMDB09754	0.1297157844641137	PLD3
HMDB09753	0.1297157844641137	PLD3
HMDB09752	0.1297157844641137	PLD3
HMDB09759	0.1297157844641137	PLD3
HMDB09758	0.1297157844641137	PLD3
HMDB09757	0.1297157844641137	PLD3
HMDB09756	0.1297157844641137	PLD3
HMDB09751	0.1297157844641137	PLD3
HMDB09750	0.1297157844641137	PLD3
HMDB09777	0.1297157844641137	PLD3
HMDB09776	0.1297157844641137	PLD3
HMDB09775	0.1297157844641137	PLD3
HMDB09774	0.1297157844641137	PLD3
HMDB09773	0.1297157844641137	PLD3
HMDB09772	0.1297157844641137	PLD3
HMDB09771	0.1297157844641137	PLD3
HMDB09770	0.1297157844641137	PLD3
HMDB09661	0.1297157844641137	PLD3
HMDB09660	0.1297157844641137	PLD3
HMDB09663	0.1297157844641137	PLD3
HMDB09662	0.1297157844641137	PLD3
HMDB09669	0.1297157844641137	PLD3
HMDB09668	0.1297157844641137	PLD3
HMDB09665	0.1297157844641137	PLD3
HMDB09664	0.1297157844641137	PLD3
HMDB09667	0.1297157844641137	PLD3
HMDB09666	0.1297157844641137	PLD3
HMDB09652	0.1297157844641137	PLD3
HMDB09651	0.1297157844641137	PLD3
HMDB09650	0.1297157844641137	PLD3
HMDB09659	0.1297157844641137	PLD3
HMDB09658	0.1297157844641137	PLD3
HMDB09657	0.1297157844641137	PLD3
HMDB09656	0.1297157844641137	PLD3
HMDB09655	0.1297157844641137	PLD3
HMDB09654	0.1297157844641137	PLD3
HMDB09653	0.1297157844641137	PLD3
HMDB09641	0.1297157844641137	PLD3
HMDB09640	0.1297157844641137	PLD3
HMDB09643	0.1297157844641137	PLD3
HMDB09642	0.1297157844641137	PLD3
HMDB09645	0.1297157844641137	PLD3
HMDB09644	0.1297157844641137	PLD3
HMDB09647	0.1297157844641137	PLD3
HMDB09646	0.1297157844641137	PLD3
HMDB09649	0.1297157844641137	PLD3
HMDB09648	0.1297157844641137	PLD3
HMDB09630	0.1297157844641137	PLD3
HMDB09634	0.1297157844641137	PLD3
HMDB09633	0.1297157844641137	PLD3
HMDB09632	0.1297157844641137	PLD3
HMDB09631	0.1297157844641137	PLD3
HMDB09638	0.1297157844641137	PLD3
HMDB09637	0.1297157844641137	PLD3
HMDB09636	0.1297157844641137	PLD3
HMDB09635	0.1297157844641137	PLD3
HMDB09639	0.1297157844641137	PLD3
HMDB09699	0.1297157844641137	PLD3
HMDB09697	0.1297157844641137	PLD3
HMDB09698	0.1297157844641137	PLD3
HMDB09695	0.1297157844641137	PLD3
HMDB09696	0.1297157844641137	PLD3
HMDB09693	0.1297157844641137	PLD3
HMDB09694	0.1297157844641137	PLD3
HMDB09691	0.1297157844641137	PLD3
HMDB09692	0.1297157844641137	PLD3
HMDB09690	0.1297157844641137	PLD3
HMDB09686	0.1297157844641137	PLD3
HMDB09687	0.1297157844641137	PLD3
HMDB09688	0.1297157844641137	PLD3
HMDB09689	0.1297157844641137	PLD3
HMDB09680	0.1297157844641137	PLD3
HMDB09681	0.1297157844641137	PLD3
HMDB09682	0.1297157844641137	PLD3
HMDB09683	0.1297157844641137	PLD3
HMDB09684	0.1297157844641137	PLD3
HMDB09685	0.1297157844641137	PLD3
HMDB09677	0.1297157844641137	PLD3
HMDB09678	0.1297157844641137	PLD3
HMDB09675	0.1297157844641137	PLD3
HMDB09676	0.1297157844641137	PLD3
HMDB09679	0.1297157844641137	PLD3
HMDB09670	0.1297157844641137	PLD3
HMDB09673	0.1297157844641137	PLD3
HMDB09674	0.1297157844641137	PLD3
HMDB09671	0.1297157844641137	PLD3
HMDB09672	0.1297157844641137	PLD3
HMDB09707	0.1297157844641137	PLD3
HMDB09708	0.1297157844641137	PLD3
HMDB09705	0.1297157844641137	PLD3
HMDB09706	0.1297157844641137	PLD3
HMDB09709	0.1297157844641137	PLD3
HMDB09700	0.1297157844641137	PLD3
HMDB09704	0.1297157844641137	PLD3
HMDB09703	0.1297157844641137	PLD3
HMDB09702	0.1297157844641137	PLD3
HMDB09701	0.1297157844641137	PLD3
HMDB09739	0.1297157844641137	PLD3
HMDB09738	0.1297157844641137	PLD3
HMDB09730	0.1297157844641137	PLD3
HMDB09731	0.1297157844641137	PLD3
HMDB09732	0.1297157844641137	PLD3
HMDB09733	0.1297157844641137	PLD3
HMDB09734	0.1297157844641137	PLD3
HMDB09735	0.1297157844641137	PLD3
HMDB09736	0.1297157844641137	PLD3
HMDB09737	0.1297157844641137	PLD3
HMDB09749	0.1297157844641137	PLD3
HMDB09743	0.1297157844641137	PLD3
HMDB09744	0.1297157844641137	PLD3
HMDB09741	0.1297157844641137	PLD3
HMDB09742	0.1297157844641137	PLD3
HMDB09747	0.1297157844641137	PLD3
HMDB09748	0.1297157844641137	PLD3
HMDB09745	0.1297157844641137	PLD3
HMDB09746	0.1297157844641137	PLD3
HMDB09740	0.1297157844641137	PLD3
HMDB09717	0.1297157844641137	PLD3
HMDB09716	0.1297157844641137	PLD3
HMDB09719	0.1297157844641137	PLD3
HMDB09718	0.1297157844641137	PLD3
HMDB09712	0.1297157844641137	PLD3
HMDB09713	0.1297157844641137	PLD3
HMDB09714	0.1297157844641137	PLD3
HMDB09715	0.1297157844641137	PLD3
HMDB09710	0.1297157844641137	PLD3
HMDB09711	0.1297157844641137	PLD3
HMDB09729	0.1297157844641137	PLD3
HMDB09728	0.1297157844641137	PLD3
HMDB09727	0.1297157844641137	PLD3
HMDB09725	0.1297157844641137	PLD3
HMDB09726	0.1297157844641137	PLD3
HMDB09723	0.1297157844641137	PLD3
HMDB09724	0.1297157844641137	PLD3
HMDB09721	0.1297157844641137	PLD3
HMDB09722	0.1297157844641137	PLD3
HMDB09720	0.1297157844641137	PLD3
HMDB09199	0.1297157844641137	PLD3
HMDB09198	0.1297157844641137	PLD3
HMDB09195	0.1297157844641137	PLD3
HMDB09194	0.1297157844641137	PLD3
HMDB09197	0.1297157844641137	PLD3
HMDB09196	0.1297157844641137	PLD3
HMDB05780	0.1297157844641137	PLD3
HMDB05779	0.1297157844641137	PLD3
HMDB09101	0.1297157844641137	PLD3
HMDB09102	0.1297157844641137	PLD3
HMDB09100	0.1297157844641137	PLD3
HMDB09109	0.1297157844641137	PLD3
HMDB09107	0.1297157844641137	PLD3
HMDB09108	0.1297157844641137	PLD3
HMDB09105	0.1297157844641137	PLD3
HMDB09106	0.1297157844641137	PLD3
HMDB09103	0.1297157844641137	PLD3
HMDB09104	0.1297157844641137	PLD3
HMDB09187	0.1297157844641137	PLD3
HMDB09188	0.1297157844641137	PLD3
HMDB09189	0.1297157844641137	PLD3
HMDB09183	0.1297157844641137	PLD3
HMDB09184	0.1297157844641137	PLD3
HMDB09185	0.1297157844641137	PLD3
HMDB09186	0.1297157844641137	PLD3
HMDB09191	0.1297157844641137	PLD3
HMDB09190	0.1297157844641137	PLD3
HMDB09193	0.1297157844641137	PLD3
HMDB09192	0.1297157844641137	PLD3
HMDB09178	0.1297157844641137	PLD3
HMDB09179	0.1297157844641137	PLD3
HMDB09176	0.1297157844641137	PLD3
HMDB09177	0.1297157844641137	PLD3
HMDB09174	0.1297157844641137	PLD3
HMDB09175	0.1297157844641137	PLD3
HMDB09172	0.1297157844641137	PLD3
HMDB09173	0.1297157844641137	PLD3
HMDB09182	0.1297157844641137	PLD3
HMDB09181	0.1297157844641137	PLD3
HMDB09180	0.1297157844641137	PLD3
HMDB09161	0.1297157844641137	PLD3
HMDB09162	0.1297157844641137	PLD3
HMDB09163	0.1297157844641137	PLD3
HMDB09164	0.1297157844641137	PLD3
HMDB09165	0.1297157844641137	PLD3
HMDB09166	0.1297157844641137	PLD3
HMDB09167	0.1297157844641137	PLD3
HMDB09168	0.1297157844641137	PLD3
HMDB09169	0.1297157844641137	PLD3
HMDB09171	0.1297157844641137	PLD3
HMDB09170	0.1297157844641137	PLD3
HMDB09152	0.1297157844641137	PLD3
HMDB09153	0.1297157844641137	PLD3
HMDB09150	0.1297157844641137	PLD3
HMDB09151	0.1297157844641137	PLD3
HMDB09156	0.1297157844641137	PLD3
HMDB09157	0.1297157844641137	PLD3
HMDB09154	0.1297157844641137	PLD3
HMDB09155	0.1297157844641137	PLD3
HMDB09158	0.1297157844641137	PLD3
HMDB09159	0.1297157844641137	PLD3
HMDB09160	0.1297157844641137	PLD3
HMDB09148	0.1297157844641137	PLD3
HMDB09147	0.1297157844641137	PLD3
HMDB09149	0.1297157844641137	PLD3
HMDB09144	0.1297157844641137	PLD3
HMDB09143	0.1297157844641137	PLD3
HMDB09146	0.1297157844641137	PLD3
HMDB09145	0.1297157844641137	PLD3
HMDB09140	0.1297157844641137	PLD3
HMDB09142	0.1297157844641137	PLD3
HMDB09141	0.1297157844641137	PLD3
HMDB09139	0.1297157844641137	PLD3
HMDB09138	0.1297157844641137	PLD3
HMDB09137	0.1297157844641137	PLD3
HMDB09136	0.1297157844641137	PLD3
HMDB09135	0.1297157844641137	PLD3
HMDB09134	0.1297157844641137	PLD3
HMDB09133	0.1297157844641137	PLD3
HMDB09132	0.1297157844641137	PLD3
HMDB09131	0.1297157844641137	PLD3
HMDB09130	0.1297157844641137	PLD3
HMDB09126	0.1297157844641137	PLD3
HMDB09125	0.1297157844641137	PLD3
HMDB09128	0.1297157844641137	PLD3
HMDB09127	0.1297157844641137	PLD3
HMDB09129	0.1297157844641137	PLD3
HMDB09120	0.1297157844641137	PLD3
HMDB09122	0.1297157844641137	PLD3
HMDB09121	0.1297157844641137	PLD3
HMDB09124	0.1297157844641137	PLD3
HMDB09123	0.1297157844641137	PLD3
HMDB09117	0.1297157844641137	PLD3
HMDB09116	0.1297157844641137	PLD3
HMDB09115	0.1297157844641137	PLD3
HMDB09114	0.1297157844641137	PLD3
HMDB09119	0.1297157844641137	PLD3
HMDB09118	0.1297157844641137	PLD3
HMDB09113	0.1297157844641137	PLD3
HMDB09112	0.1297157844641137	PLD3
HMDB09111	0.1297157844641137	PLD3
HMDB09110	0.1297157844641137	PLD3
HMDB09080	0.1297157844641137	PLD3
HMDB09081	0.1297157844641137	PLD3
HMDB09082	0.1297157844641137	PLD3
HMDB09083	0.1297157844641137	PLD3
HMDB09078	0.1297157844641137	PLD3
HMDB09077	0.1297157844641137	PLD3
HMDB09079	0.1297157844641137	PLD3
HMDB09074	0.1297157844641137	PLD3
HMDB09073	0.1297157844641137	PLD3
HMDB09076	0.1297157844641137	PLD3
HMDB09075	0.1297157844641137	PLD3
HMDB09093	0.1297157844641137	PLD3
HMDB09094	0.1297157844641137	PLD3
HMDB09091	0.1297157844641137	PLD3
HMDB09092	0.1297157844641137	PLD3
HMDB09090	0.1297157844641137	PLD3
HMDB09089	0.1297157844641137	PLD3
HMDB09088	0.1297157844641137	PLD3
HMDB09087	0.1297157844641137	PLD3
HMDB09086	0.1297157844641137	PLD3
HMDB09085	0.1297157844641137	PLD3
HMDB09084	0.1297157844641137	PLD3
HMDB09096	0.1297157844641137	PLD3
HMDB09095	0.1297157844641137	PLD3
HMDB09098	0.1297157844641137	PLD3
HMDB09097	0.1297157844641137	PLD3
HMDB09099	0.1297157844641137	PLD3
HMDB09048	0.1297157844641137	PLD3
HMDB09049	0.1297157844641137	PLD3
HMDB09040	0.1297157844641137	PLD3
HMDB09041	0.1297157844641137	PLD3
HMDB09042	0.1297157844641137	PLD3
HMDB09043	0.1297157844641137	PLD3
HMDB09044	0.1297157844641137	PLD3
HMDB09045	0.1297157844641137	PLD3
HMDB09046	0.1297157844641137	PLD3
HMDB09047	0.1297157844641137	PLD3
HMDB09050	0.1297157844641137	PLD3
HMDB09039	0.1297157844641137	PLD3
HMDB09037	0.1297157844641137	PLD3
HMDB09038	0.1297157844641137	PLD3
HMDB09031	0.1297157844641137	PLD3
HMDB09032	0.1297157844641137	PLD3
HMDB09030	0.1297157844641137	PLD3
HMDB09035	0.1297157844641137	PLD3
HMDB09036	0.1297157844641137	PLD3
HMDB09033	0.1297157844641137	PLD3
HMDB09034	0.1297157844641137	PLD3
HMDB09066	0.1297157844641137	PLD3
HMDB09067	0.1297157844641137	PLD3
HMDB09068	0.1297157844641137	PLD3
HMDB09069	0.1297157844641137	PLD3
HMDB09062	0.1297157844641137	PLD3
HMDB09063	0.1297157844641137	PLD3
HMDB09064	0.1297157844641137	PLD3
HMDB09065	0.1297157844641137	PLD3
HMDB09070	0.1297157844641137	PLD3
HMDB09072	0.1297157844641137	PLD3
HMDB09071	0.1297157844641137	PLD3
HMDB09059	0.1297157844641137	PLD3
HMDB09057	0.1297157844641137	PLD3
HMDB09058	0.1297157844641137	PLD3
HMDB09055	0.1297157844641137	PLD3
HMDB09056	0.1297157844641137	PLD3
HMDB09053	0.1297157844641137	PLD3
HMDB09054	0.1297157844641137	PLD3
HMDB09051	0.1297157844641137	PLD3
HMDB09052	0.1297157844641137	PLD3
HMDB09061	0.1297157844641137	PLD3
HMDB09060	0.1297157844641137	PLD3
HMDB09001	0.1297157844641137	PLD3
HMDB09000	0.1297157844641137	PLD3
HMDB09003	0.1297157844641137	PLD3
HMDB09002	0.1297157844641137	PLD3
HMDB09005	0.1297157844641137	PLD3
HMDB09004	0.1297157844641137	PLD3
HMDB09007	0.1297157844641137	PLD3
HMDB09006	0.1297157844641137	PLD3
HMDB09009	0.1297157844641137	PLD3
HMDB09008	0.1297157844641137	PLD3
HMDB09023	0.1297157844641137	PLD3
HMDB09022	0.1297157844641137	PLD3
HMDB09025	0.1297157844641137	PLD3
HMDB09024	0.1297157844641137	PLD3
HMDB09021	0.1297157844641137	PLD3
HMDB09020	0.1297157844641137	PLD3
HMDB09027	0.1297157844641137	PLD3
HMDB09026	0.1297157844641137	PLD3
HMDB09029	0.1297157844641137	PLD3
HMDB09028	0.1297157844641137	PLD3
HMDB09014	0.1297157844641137	PLD3
HMDB09013	0.1297157844641137	PLD3
HMDB09012	0.1297157844641137	PLD3
HMDB09011	0.1297157844641137	PLD3
HMDB09010	0.1297157844641137	PLD3
HMDB09019	0.1297157844641137	PLD3
HMDB09018	0.1297157844641137	PLD3
HMDB09017	0.1297157844641137	PLD3
HMDB09016	0.1297157844641137	PLD3
HMDB09015	0.1297157844641137	PLD3
HMDB08873	0.1297157844641137	PLD3
HMDB09356	0.1297157844641137	PLD3
HMDB08872	0.1297157844641137	PLD3
HMDB09357	0.1297157844641137	PLD3
HMDB08875	0.1297157844641137	PLD3
HMDB09358	0.1297157844641137	PLD3
HMDB08874	0.1297157844641137	PLD3
HMDB09359	0.1297157844641137	PLD3
HMDB08877	0.1297157844641137	PLD3
HMDB08876	0.1297157844641137	PLD3
HMDB08879	0.1297157844641137	PLD3
HMDB08878	0.1297157844641137	PLD3
HMDB09350	0.1297157844641137	PLD3
HMDB09351	0.1297157844641137	PLD3
HMDB09352	0.1297157844641137	PLD3
HMDB09353	0.1297157844641137	PLD3
HMDB08871	0.1297157844641137	PLD3
HMDB09354	0.1297157844641137	PLD3
HMDB08870	0.1297157844641137	PLD3
HMDB09355	0.1297157844641137	PLD3
HMDB08869	0.1297157844641137	PLD3
HMDB08864	0.1297157844641137	PLD3
HMDB09369	0.1297157844641137	PLD3
HMDB08863	0.1297157844641137	PLD3
HMDB08862	0.1297157844641137	PLD3
HMDB09367	0.1297157844641137	PLD3
HMDB08861	0.1297157844641137	PLD3
HMDB09368	0.1297157844641137	PLD3
HMDB08868	0.1297157844641137	PLD3
HMDB08867	0.1297157844641137	PLD3
HMDB08866	0.1297157844641137	PLD3
HMDB08865	0.1297157844641137	PLD3
HMDB09361	0.1297157844641137	PLD3
HMDB09362	0.1297157844641137	PLD3
HMDB09360	0.1297157844641137	PLD3
HMDB08860	0.1297157844641137	PLD3
HMDB09365	0.1297157844641137	PLD3
HMDB09366	0.1297157844641137	PLD3
HMDB09363	0.1297157844641137	PLD3
HMDB09364	0.1297157844641137	PLD3
HMDB09380	0.1297157844641137	PLD3
HMDB08899	0.1297157844641137	PLD3
HMDB08898	0.1297157844641137	PLD3
HMDB08895	0.1297157844641137	PLD3
HMDB09378	0.1297157844641137	PLD3
HMDB08894	0.1297157844641137	PLD3
HMDB09379	0.1297157844641137	PLD3
HMDB08897	0.1297157844641137	PLD3
HMDB08896	0.1297157844641137	PLD3
HMDB08891	0.1297157844641137	PLD3
HMDB09374	0.1297157844641137	PLD3
HMDB08890	0.1297157844641137	PLD3
HMDB09375	0.1297157844641137	PLD3
HMDB08893	0.1297157844641137	PLD3
HMDB09376	0.1297157844641137	PLD3
HMDB08892	0.1297157844641137	PLD3
HMDB09377	0.1297157844641137	PLD3
HMDB09370	0.1297157844641137	PLD3
HMDB09371	0.1297157844641137	PLD3
HMDB09372	0.1297157844641137	PLD3
HMDB09373	0.1297157844641137	PLD3
HMDB09391	0.1297157844641137	PLD3
HMDB09390	0.1297157844641137	PLD3
HMDB08889	0.1297157844641137	PLD3
HMDB08888	0.1297157844641137	PLD3
HMDB08887	0.1297157844641137	PLD3
HMDB08886	0.1297157844641137	PLD3
HMDB08885	0.1297157844641137	PLD3
HMDB08884	0.1297157844641137	PLD3
HMDB09389	0.1297157844641137	PLD3
HMDB08883	0.1297157844641137	PLD3
HMDB08882	0.1297157844641137	PLD3
HMDB09387	0.1297157844641137	PLD3
HMDB08881	0.1297157844641137	PLD3
HMDB09388	0.1297157844641137	PLD3
HMDB08880	0.1297157844641137	PLD3
HMDB09385	0.1297157844641137	PLD3
HMDB09386	0.1297157844641137	PLD3
HMDB09383	0.1297157844641137	PLD3
HMDB09384	0.1297157844641137	PLD3
HMDB09381	0.1297157844641137	PLD3
HMDB09382	0.1297157844641137	PLD3
HMDB08837	0.1297157844641137	PLD3
HMDB08836	0.1297157844641137	PLD3
HMDB08839	0.1297157844641137	PLD3
HMDB08838	0.1297157844641137	PLD3
HMDB09393	0.1297157844641137	PLD3
HMDB09392	0.1297157844641137	PLD3
HMDB09395	0.1297157844641137	PLD3
HMDB09394	0.1297157844641137	PLD3
HMDB09397	0.1297157844641137	PLD3
HMDB09396	0.1297157844641137	PLD3
HMDB09399	0.1297157844641137	PLD3
HMDB09398	0.1297157844641137	PLD3
HMDB08830	0.1297157844641137	PLD3
HMDB08831	0.1297157844641137	PLD3
HMDB08832	0.1297157844641137	PLD3
HMDB08833	0.1297157844641137	PLD3
HMDB08834	0.1297157844641137	PLD3
HMDB08835	0.1297157844641137	PLD3
HMDB08828	0.1297157844641137	PLD3
HMDB08827	0.1297157844641137	PLD3
HMDB08826	0.1297157844641137	PLD3
HMDB08825	0.1297157844641137	PLD3
HMDB08829	0.1297157844641137	PLD3
HMDB08823	0.1297157844641137	PLD3
HMDB08824	0.1297157844641137	PLD3
HMDB08821	0.1297157844641137	PLD3
HMDB08822	0.1297157844641137	PLD3
HMDB08859	0.1297157844641137	PLD3
HMDB08858	0.1297157844641137	PLD3
HMDB08854	0.1297157844641137	PLD3
HMDB08855	0.1297157844641137	PLD3
HMDB08856	0.1297157844641137	PLD3
HMDB08857	0.1297157844641137	PLD3
HMDB08850	0.1297157844641137	PLD3
HMDB08851	0.1297157844641137	PLD3
HMDB08852	0.1297157844641137	PLD3
HMDB08853	0.1297157844641137	PLD3
HMDB08849	0.1297157844641137	PLD3
HMDB08848	0.1297157844641137	PLD3
HMDB08847	0.1297157844641137	PLD3
HMDB08845	0.1297157844641137	PLD3
HMDB08846	0.1297157844641137	PLD3
HMDB08843	0.1297157844641137	PLD3
HMDB08844	0.1297157844641137	PLD3
HMDB08841	0.1297157844641137	PLD3
HMDB08842	0.1297157844641137	PLD3
HMDB08840	0.1297157844641137	PLD3
HMDB09305	0.1297157844641137	PLD3
HMDB09306	0.1297157844641137	PLD3
HMDB09307	0.1297157844641137	PLD3
HMDB09308	0.1297157844641137	PLD3
HMDB09301	0.1297157844641137	PLD3
HMDB09302	0.1297157844641137	PLD3
HMDB09303	0.1297157844641137	PLD3
HMDB09304	0.1297157844641137	PLD3
HMDB09300	0.1297157844641137	PLD3
HMDB09309	0.1297157844641137	PLD3
HMDB09311	0.1297157844641137	PLD3
HMDB09310	0.1297157844641137	PLD3
HMDB09315	0.1297157844641137	PLD3
HMDB09314	0.1297157844641137	PLD3
HMDB09313	0.1297157844641137	PLD3
HMDB09312	0.1297157844641137	PLD3
HMDB09319	0.1297157844641137	PLD3
HMDB09318	0.1297157844641137	PLD3
HMDB09317	0.1297157844641137	PLD3
HMDB09316	0.1297157844641137	PLD3
HMDB09320	0.1297157844641137	PLD3
HMDB09322	0.1297157844641137	PLD3
HMDB09321	0.1297157844641137	PLD3
HMDB09324	0.1297157844641137	PLD3
HMDB09323	0.1297157844641137	PLD3
HMDB09326	0.1297157844641137	PLD3
HMDB09325	0.1297157844641137	PLD3
HMDB09328	0.1297157844641137	PLD3
HMDB09327	0.1297157844641137	PLD3
HMDB09329	0.1297157844641137	PLD3
HMDB09333	0.1297157844641137	PLD3
HMDB09332	0.1297157844641137	PLD3
HMDB09331	0.1297157844641137	PLD3
HMDB09330	0.1297157844641137	PLD3
HMDB09339	0.1297157844641137	PLD3
HMDB09338	0.1297157844641137	PLD3
HMDB09337	0.1297157844641137	PLD3
HMDB09336	0.1297157844641137	PLD3
HMDB09335	0.1297157844641137	PLD3
HMDB09334	0.1297157844641137	PLD3
HMDB09342	0.1297157844641137	PLD3
HMDB09341	0.1297157844641137	PLD3
HMDB09344	0.1297157844641137	PLD3
HMDB09343	0.1297157844641137	PLD3
HMDB09340	0.1297157844641137	PLD3
HMDB09349	0.1297157844641137	PLD3
HMDB09346	0.1297157844641137	PLD3
HMDB09345	0.1297157844641137	PLD3
HMDB09348	0.1297157844641137	PLD3
HMDB09347	0.1297157844641137	PLD3
HMDB09253	0.1297157844641137	PLD3
HMDB09254	0.1297157844641137	PLD3
HMDB09255	0.1297157844641137	PLD3
HMDB09256	0.1297157844641137	PLD3
HMDB09250	0.1297157844641137	PLD3
HMDB09251	0.1297157844641137	PLD3
HMDB09252	0.1297157844641137	PLD3
HMDB09257	0.1297157844641137	PLD3
HMDB09258	0.1297157844641137	PLD3
HMDB09259	0.1297157844641137	PLD3
HMDB09270	0.1297157844641137	PLD3
HMDB09266	0.1297157844641137	PLD3
HMDB09267	0.1297157844641137	PLD3
HMDB09264	0.1297157844641137	PLD3
HMDB09265	0.1297157844641137	PLD3
HMDB09262	0.1297157844641137	PLD3
HMDB09263	0.1297157844641137	PLD3
HMDB09260	0.1297157844641137	PLD3
HMDB09261	0.1297157844641137	PLD3
HMDB09268	0.1297157844641137	PLD3
HMDB09269	0.1297157844641137	PLD3
HMDB09230	0.1297157844641137	PLD3
HMDB08990	0.1297157844641137	PLD3
HMDB09231	0.1297157844641137	PLD3
HMDB09232	0.1297157844641137	PLD3
HMDB08992	0.1297157844641137	PLD3
HMDB09233	0.1297157844641137	PLD3
HMDB08991	0.1297157844641137	PLD3
HMDB09234	0.1297157844641137	PLD3
HMDB08994	0.1297157844641137	PLD3
HMDB09235	0.1297157844641137	PLD3
HMDB08993	0.1297157844641137	PLD3
HMDB09236	0.1297157844641137	PLD3
HMDB08996	0.1297157844641137	PLD3
HMDB09237	0.1297157844641137	PLD3
HMDB08995	0.1297157844641137	PLD3
HMDB09238	0.1297157844641137	PLD3
HMDB08998	0.1297157844641137	PLD3
HMDB09239	0.1297157844641137	PLD3
HMDB08997	0.1297157844641137	PLD3
HMDB08999	0.1297157844641137	PLD3
HMDB09240	0.1297157844641137	PLD3
HMDB09241	0.1297157844641137	PLD3
HMDB08981	0.1297157844641137	PLD3
HMDB09244	0.1297157844641137	PLD3
HMDB08980	0.1297157844641137	PLD3
HMDB09245	0.1297157844641137	PLD3
HMDB09242	0.1297157844641137	PLD3
HMDB09243	0.1297157844641137	PLD3
HMDB08985	0.1297157844641137	PLD3
HMDB09248	0.1297157844641137	PLD3
HMDB08984	0.1297157844641137	PLD3
HMDB09249	0.1297157844641137	PLD3
HMDB08983	0.1297157844641137	PLD3
HMDB09246	0.1297157844641137	PLD3
HMDB08982	0.1297157844641137	PLD3
HMDB09247	0.1297157844641137	PLD3
HMDB08989	0.1297157844641137	PLD3
HMDB08988	0.1297157844641137	PLD3
HMDB08987	0.1297157844641137	PLD3
HMDB08986	0.1297157844641137	PLD3
HMDB08979	0.1297157844641137	PLD3
HMDB08975	0.1297157844641137	PLD3
HMDB08976	0.1297157844641137	PLD3
HMDB08977	0.1297157844641137	PLD3
HMDB08978	0.1297157844641137	PLD3
HMDB08971	0.1297157844641137	PLD3
HMDB08972	0.1297157844641137	PLD3
HMDB08973	0.1297157844641137	PLD3
HMDB08974	0.1297157844641137	PLD3
HMDB09298	0.1297157844641137	PLD3
HMDB09297	0.1297157844641137	PLD3
HMDB08970	0.1297157844641137	PLD3
HMDB09299	0.1297157844641137	PLD3
HMDB09294	0.1297157844641137	PLD3
HMDB09293	0.1297157844641137	PLD3
HMDB09296	0.1297157844641137	PLD3
HMDB09295	0.1297157844641137	PLD3
HMDB08969	0.1297157844641137	PLD3
HMDB08968	0.1297157844641137	PLD3
HMDB08966	0.1297157844641137	PLD3
HMDB08967	0.1297157844641137	PLD3
HMDB08964	0.1297157844641137	PLD3
HMDB08965	0.1297157844641137	PLD3
HMDB08962	0.1297157844641137	PLD3
HMDB08963	0.1297157844641137	PLD3
HMDB08960	0.1297157844641137	PLD3
HMDB08961	0.1297157844641137	PLD3
HMDB09280	0.1297157844641137	PLD3
HMDB09281	0.1297157844641137	PLD3
HMDB08958	0.1297157844641137	PLD3
HMDB08957	0.1297157844641137	PLD3
HMDB08959	0.1297157844641137	PLD3
HMDB08950	0.1297157844641137	PLD3
HMDB09279	0.1297157844641137	PLD3
HMDB08951	0.1297157844641137	PLD3
HMDB08952	0.1297157844641137	PLD3
HMDB08953	0.1297157844641137	PLD3
HMDB08954	0.1297157844641137	PLD3
HMDB08955	0.1297157844641137	PLD3
HMDB08956	0.1297157844641137	PLD3
HMDB09272	0.1297157844641137	PLD3
HMDB09271	0.1297157844641137	PLD3
HMDB09274	0.1297157844641137	PLD3
HMDB09273	0.1297157844641137	PLD3
HMDB09276	0.1297157844641137	PLD3
HMDB09275	0.1297157844641137	PLD3
HMDB09278	0.1297157844641137	PLD3
HMDB09277	0.1297157844641137	PLD3
HMDB09291	0.1297157844641137	PLD3
HMDB09292	0.1297157844641137	PLD3
HMDB09290	0.1297157844641137	PLD3
HMDB08949	0.1297157844641137	PLD3
HMDB08948	0.1297157844641137	PLD3
HMDB08947	0.1297157844641137	PLD3
HMDB08946	0.1297157844641137	PLD3
HMDB08940	0.1297157844641137	PLD3
HMDB08941	0.1297157844641137	PLD3
HMDB08944	0.1297157844641137	PLD3
HMDB08945	0.1297157844641137	PLD3
HMDB08942	0.1297157844641137	PLD3
HMDB08943	0.1297157844641137	PLD3
HMDB09285	0.1297157844641137	PLD3
HMDB09284	0.1297157844641137	PLD3
HMDB09283	0.1297157844641137	PLD3
HMDB09282	0.1297157844641137	PLD3
HMDB09289	0.1297157844641137	PLD3
HMDB09288	0.1297157844641137	PLD3
HMDB09287	0.1297157844641137	PLD3
HMDB09286	0.1297157844641137	PLD3
HMDB08934	0.1297157844641137	PLD3
HMDB08933	0.1297157844641137	PLD3
HMDB08932	0.1297157844641137	PLD3
HMDB08931	0.1297157844641137	PLD3
HMDB08930	0.1297157844641137	PLD3
HMDB08939	0.1297157844641137	PLD3
HMDB08937	0.1297157844641137	PLD3
HMDB08938	0.1297157844641137	PLD3
HMDB08935	0.1297157844641137	PLD3
HMDB08936	0.1297157844641137	PLD3
HMDB08921	0.1297157844641137	PLD3
HMDB08920	0.1297157844641137	PLD3
HMDB08923	0.1297157844641137	PLD3
HMDB08922	0.1297157844641137	PLD3
HMDB08928	0.1297157844641137	PLD3
HMDB08929	0.1297157844641137	PLD3
HMDB08924	0.1297157844641137	PLD3
HMDB08925	0.1297157844641137	PLD3
HMDB08926	0.1297157844641137	PLD3
HMDB08927	0.1297157844641137	PLD3
HMDB08912	0.1297157844641137	PLD3
HMDB08911	0.1297157844641137	PLD3
HMDB08910	0.1297157844641137	PLD3
HMDB08915	0.1297157844641137	PLD3
HMDB08916	0.1297157844641137	PLD3
HMDB08913	0.1297157844641137	PLD3
HMDB08914	0.1297157844641137	PLD3
HMDB08919	0.1297157844641137	PLD3
HMDB08917	0.1297157844641137	PLD3
HMDB08918	0.1297157844641137	PLD3
HMDB08901	0.1297157844641137	PLD3
HMDB08900	0.1297157844641137	PLD3
HMDB08902	0.1297157844641137	PLD3
HMDB08903	0.1297157844641137	PLD3
HMDB08904	0.1297157844641137	PLD3
HMDB08905	0.1297157844641137	PLD3
HMDB08906	0.1297157844641137	PLD3
HMDB08907	0.1297157844641137	PLD3
HMDB08908	0.1297157844641137	PLD3
HMDB08909	0.1297157844641137	PLD3
HMDB09219	0.1297157844641137	PLD3
HMDB09218	0.1297157844641137	PLD3
HMDB09217	0.1297157844641137	PLD3
HMDB09216	0.1297157844641137	PLD3
HMDB09215	0.1297157844641137	PLD3
HMDB09214	0.1297157844641137	PLD3
HMDB09213	0.1297157844641137	PLD3
HMDB09212	0.1297157844641137	PLD3
HMDB09211	0.1297157844641137	PLD3
HMDB09210	0.1297157844641137	PLD3
HMDB09229	0.1297157844641137	PLD3
HMDB09228	0.1297157844641137	PLD3
HMDB09225	0.1297157844641137	PLD3
HMDB09224	0.1297157844641137	PLD3
HMDB09227	0.1297157844641137	PLD3
HMDB09226	0.1297157844641137	PLD3
HMDB09221	0.1297157844641137	PLD3
HMDB09220	0.1297157844641137	PLD3
HMDB09223	0.1297157844641137	PLD3
HMDB09222	0.1297157844641137	PLD3
HMDB09203	0.1297157844641137	PLD3
HMDB09202	0.1297157844641137	PLD3
HMDB09205	0.1297157844641137	PLD3
HMDB09204	0.1297157844641137	PLD3
HMDB09207	0.1297157844641137	PLD3
HMDB09206	0.1297157844641137	PLD3
HMDB09209	0.1297157844641137	PLD3
HMDB09208	0.1297157844641137	PLD3
HMDB09201	0.1297157844641137	PLD3
HMDB09200	0.1297157844641137	PLD3
HMDB09598	0.1297157844641137	PLD3
HMDB09599	0.1297157844641137	PLD3
HMDB09590	0.1297157844641137	PLD3
HMDB09591	0.1297157844641137	PLD3
HMDB09592	0.1297157844641137	PLD3
HMDB09593	0.1297157844641137	PLD3
HMDB09594	0.1297157844641137	PLD3
HMDB09595	0.1297157844641137	PLD3
HMDB09596	0.1297157844641137	PLD3
HMDB09597	0.1297157844641137	PLD3
HMDB09553	0.1297157844641137	PLD3
HMDB09552	0.1297157844641137	PLD3
HMDB09551	0.1297157844641137	PLD3
HMDB09550	0.1297157844641137	PLD3
HMDB09557	0.1297157844641137	PLD3
HMDB09556	0.1297157844641137	PLD3
HMDB09555	0.1297157844641137	PLD3
HMDB09554	0.1297157844641137	PLD3
HMDB09559	0.1297157844641137	PLD3
HMDB09558	0.1297157844641137	PLD3
HMDB09560	0.1297157844641137	PLD3
HMDB09562	0.1297157844641137	PLD3
HMDB09561	0.1297157844641137	PLD3
HMDB09564	0.1297157844641137	PLD3
HMDB09563	0.1297157844641137	PLD3
HMDB09566	0.1297157844641137	PLD3
HMDB09565	0.1297157844641137	PLD3
HMDB09568	0.1297157844641137	PLD3
HMDB09567	0.1297157844641137	PLD3
HMDB09569	0.1297157844641137	PLD3
HMDB09575	0.1297157844641137	PLD3
HMDB09574	0.1297157844641137	PLD3
HMDB09573	0.1297157844641137	PLD3
HMDB09572	0.1297157844641137	PLD3
HMDB09571	0.1297157844641137	PLD3
HMDB09570	0.1297157844641137	PLD3
HMDB09579	0.1297157844641137	PLD3
HMDB09578	0.1297157844641137	PLD3
HMDB09577	0.1297157844641137	PLD3
HMDB09576	0.1297157844641137	PLD3
HMDB09584	0.1297157844641137	PLD3
HMDB09583	0.1297157844641137	PLD3
HMDB09586	0.1297157844641137	PLD3
HMDB09585	0.1297157844641137	PLD3
HMDB09580	0.1297157844641137	PLD3
HMDB09582	0.1297157844641137	PLD3
HMDB09581	0.1297157844641137	PLD3
HMDB09588	0.1297157844641137	PLD3
HMDB09587	0.1297157844641137	PLD3
HMDB09589	0.1297157844641137	PLD3
HMDB09519	0.1297157844641137	PLD3
HMDB09518	0.1297157844641137	PLD3
HMDB09512	0.1297157844641137	PLD3
HMDB09513	0.1297157844641137	PLD3
HMDB09510	0.1297157844641137	PLD3
HMDB09511	0.1297157844641137	PLD3
HMDB09516	0.1297157844641137	PLD3
HMDB09517	0.1297157844641137	PLD3
HMDB09514	0.1297157844641137	PLD3
HMDB09515	0.1297157844641137	PLD3
HMDB09529	0.1297157844641137	PLD3
HMDB09521	0.1297157844641137	PLD3
HMDB09522	0.1297157844641137	PLD3
HMDB09523	0.1297157844641137	PLD3
HMDB09524	0.1297157844641137	PLD3
HMDB09525	0.1297157844641137	PLD3
HMDB09526	0.1297157844641137	PLD3
HMDB09527	0.1297157844641137	PLD3
HMDB09528	0.1297157844641137	PLD3
HMDB09520	0.1297157844641137	PLD3
HMDB09538	0.1297157844641137	PLD3
HMDB09539	0.1297157844641137	PLD3
HMDB09536	0.1297157844641137	PLD3
HMDB09537	0.1297157844641137	PLD3
HMDB09534	0.1297157844641137	PLD3
HMDB09535	0.1297157844641137	PLD3
HMDB09532	0.1297157844641137	PLD3
HMDB09533	0.1297157844641137	PLD3
HMDB09530	0.1297157844641137	PLD3
HMDB09531	0.1297157844641137	PLD3
HMDB09547	0.1297157844641137	PLD3
HMDB09548	0.1297157844641137	PLD3
HMDB09549	0.1297157844641137	PLD3
HMDB09543	0.1297157844641137	PLD3
HMDB09544	0.1297157844641137	PLD3
HMDB09545	0.1297157844641137	PLD3
HMDB09546	0.1297157844641137	PLD3
HMDB09540	0.1297157844641137	PLD3
HMDB09541	0.1297157844641137	PLD3
HMDB09542	0.1297157844641137	PLD3
HMDB09605	0.1297157844641137	PLD3
HMDB09604	0.1297157844641137	PLD3
HMDB09603	0.1297157844641137	PLD3
HMDB09602	0.1297157844641137	PLD3
HMDB09601	0.1297157844641137	PLD3
HMDB09600	0.1297157844641137	PLD3
HMDB09608	0.1297157844641137	PLD3
HMDB09609	0.1297157844641137	PLD3
HMDB09606	0.1297157844641137	PLD3
HMDB09607	0.1297157844641137	PLD3
HMDB09623	0.1297157844641137	PLD3
HMDB09622	0.1297157844641137	PLD3
HMDB09621	0.1297157844641137	PLD3
HMDB09620	0.1297157844641137	PLD3
HMDB09627	0.1297157844641137	PLD3
HMDB09626	0.1297157844641137	PLD3
HMDB09625	0.1297157844641137	PLD3
HMDB09624	0.1297157844641137	PLD3
HMDB09628	0.1297157844641137	PLD3
HMDB09629	0.1297157844641137	PLD3
HMDB09610	0.1297157844641137	PLD3
HMDB09612	0.1297157844641137	PLD3
HMDB09611	0.1297157844641137	PLD3
HMDB09614	0.1297157844641137	PLD3
HMDB09613	0.1297157844641137	PLD3
HMDB09616	0.1297157844641137	PLD3
HMDB09615	0.1297157844641137	PLD3
HMDB09617	0.1297157844641137	PLD3
HMDB09618	0.1297157844641137	PLD3
HMDB09619	0.1297157844641137	PLD3
HMDB09495	0.1297157844641137	PLD3
HMDB09496	0.1297157844641137	PLD3
HMDB09497	0.1297157844641137	PLD3
HMDB09498	0.1297157844641137	PLD3
HMDB09491	0.1297157844641137	PLD3
HMDB09492	0.1297157844641137	PLD3
HMDB09493	0.1297157844641137	PLD3
HMDB09494	0.1297157844641137	PLD3
HMDB09499	0.1297157844641137	PLD3
HMDB09470	0.1297157844641137	PLD3
HMDB09471	0.1297157844641137	PLD3
HMDB09472	0.1297157844641137	PLD3
HMDB09473	0.1297157844641137	PLD3
HMDB09474	0.1297157844641137	PLD3
HMDB09475	0.1297157844641137	PLD3
HMDB09476	0.1297157844641137	PLD3
HMDB09477	0.1297157844641137	PLD3
HMDB09478	0.1297157844641137	PLD3
HMDB09479	0.1297157844641137	PLD3
HMDB09482	0.1297157844641137	PLD3
HMDB09483	0.1297157844641137	PLD3
HMDB09480	0.1297157844641137	PLD3
HMDB09481	0.1297157844641137	PLD3
HMDB09486	0.1297157844641137	PLD3
HMDB09487	0.1297157844641137	PLD3
HMDB09484	0.1297157844641137	PLD3
HMDB09485	0.1297157844641137	PLD3
HMDB09488	0.1297157844641137	PLD3
HMDB09489	0.1297157844641137	PLD3
HMDB09490	0.1297157844641137	PLD3
HMDB09459	0.1297157844641137	PLD3
HMDB09458	0.1297157844641137	PLD3
HMDB09457	0.1297157844641137	PLD3
HMDB09456	0.1297157844641137	PLD3
HMDB09455	0.1297157844641137	PLD3
HMDB09454	0.1297157844641137	PLD3
HMDB09453	0.1297157844641137	PLD3
HMDB09452	0.1297157844641137	PLD3
HMDB09451	0.1297157844641137	PLD3
HMDB09450	0.1297157844641137	PLD3
HMDB09467	0.1297157844641137	PLD3
HMDB09466	0.1297157844641137	PLD3
HMDB09469	0.1297157844641137	PLD3
HMDB09468	0.1297157844641137	PLD3
HMDB09463	0.1297157844641137	PLD3
HMDB09462	0.1297157844641137	PLD3
HMDB09465	0.1297157844641137	PLD3
HMDB09464	0.1297157844641137	PLD3
HMDB09461	0.1297157844641137	PLD3
HMDB09460	0.1297157844641137	PLD3
HMDB09436	0.1297157844641137	PLD3
HMDB09435	0.1297157844641137	PLD3
HMDB09434	0.1297157844641137	PLD3
HMDB09433	0.1297157844641137	PLD3
HMDB09439	0.1297157844641137	PLD3
HMDB09438	0.1297157844641137	PLD3
HMDB09437	0.1297157844641137	PLD3
HMDB09432	0.1297157844641137	PLD3
HMDB09431	0.1297157844641137	PLD3
HMDB09430	0.1297157844641137	PLD3
HMDB09445	0.1297157844641137	PLD3
HMDB09444	0.1297157844641137	PLD3
HMDB09447	0.1297157844641137	PLD3
HMDB09446	0.1297157844641137	PLD3
HMDB09449	0.1297157844641137	PLD3
HMDB09448	0.1297157844641137	PLD3
HMDB09441	0.1297157844641137	PLD3
HMDB09440	0.1297157844641137	PLD3
HMDB09443	0.1297157844641137	PLD3
HMDB09442	0.1297157844641137	PLD3
HMDB09419	0.1297157844641137	PLD3
HMDB09410	0.1297157844641137	PLD3
HMDB09417	0.1297157844641137	PLD3
HMDB09418	0.1297157844641137	PLD3
HMDB09415	0.1297157844641137	PLD3
HMDB09416	0.1297157844641137	PLD3
HMDB09413	0.1297157844641137	PLD3
HMDB09414	0.1297157844641137	PLD3
HMDB09411	0.1297157844641137	PLD3
HMDB09412	0.1297157844641137	PLD3
HMDB09420	0.1297157844641137	PLD3
HMDB09421	0.1297157844641137	PLD3
HMDB09426	0.1297157844641137	PLD3
HMDB09427	0.1297157844641137	PLD3
HMDB09428	0.1297157844641137	PLD3
HMDB09429	0.1297157844641137	PLD3
HMDB09422	0.1297157844641137	PLD3
HMDB09423	0.1297157844641137	PLD3
HMDB09424	0.1297157844641137	PLD3
HMDB09425	0.1297157844641137	PLD3
HMDB09409	0.1297157844641137	PLD3
HMDB09408	0.1297157844641137	PLD3
HMDB09400	0.1297157844641137	PLD3
HMDB09401	0.1297157844641137	PLD3
HMDB09402	0.1297157844641137	PLD3
HMDB09403	0.1297157844641137	PLD3
HMDB09404	0.1297157844641137	PLD3
HMDB09405	0.1297157844641137	PLD3
HMDB09406	0.1297157844641137	PLD3
HMDB09407	0.1297157844641137	PLD3
HMDB09502	0.1297157844641137	PLD3
HMDB09501	0.1297157844641137	PLD3
HMDB09500	0.1297157844641137	PLD3
HMDB09506	0.1297157844641137	PLD3
HMDB09505	0.1297157844641137	PLD3
HMDB09504	0.1297157844641137	PLD3
HMDB09503	0.1297157844641137	PLD3
HMDB09509	0.1297157844641137	PLD3
HMDB09507	0.1297157844641137	PLD3
HMDB09508	0.1297157844641137	PLD3
HMDB11310	0.13253985438964314	PLD3
HMDB11312	0.13253985438964314	PLD3
HMDB11311	0.13253985438964314	PLD3
HMDB11314	0.13253985438964314	PLD3
HMDB11313	0.13253985438964314	PLD3
HMDB11316	0.13253985438964314	PLD3
HMDB11315	0.13253985438964314	PLD3
HMDB11318	0.13253985438964314	PLD3
HMDB11317	0.13253985438964314	PLD3
HMDB11319	0.13253985438964314	PLD3
HMDB11320	0.13253985438964314	PLD3
HMDB11321	0.13253985438964314	PLD3
HMDB11325	0.13253985438964314	PLD3
HMDB11324	0.13253985438964314	PLD3
HMDB11323	0.13253985438964314	PLD3
HMDB11322	0.13253985438964314	PLD3
HMDB11329	0.13253985438964314	PLD3
HMDB11328	0.13253985438964314	PLD3
HMDB11327	0.13253985438964314	PLD3
HMDB11326	0.13253985438964314	PLD3
HMDB11330	0.13253985438964314	PLD3
HMDB11308	0.13253985438964314	PLD3
HMDB11309	0.13253985438964314	PLD3
HMDB11304	0.13253985438964314	PLD3
HMDB11305	0.13253985438964314	PLD3
HMDB11306	0.13253985438964314	PLD3
HMDB11307	0.13253985438964314	PLD3
HMDB11302	0.13253985438964314	PLD3
HMDB11303	0.13253985438964314	PLD3
HMDB11151	0.13253985438964314	PLD3
HMDB11294	0.13253985438964314	PLD3
HMDB11295	0.13253985438964314	PLD3
HMDB11292	0.13253985438964314	PLD3
HMDB11293	0.13253985438964314	PLD3
HMDB11296	0.13253985438964314	PLD3
HMDB11297	0.13253985438964314	PLD3
HMDB11290	0.13253985438964314	PLD3
HMDB11291	0.13253985438964314	PLD3
HMDB11285	0.13253985438964314	PLD3
HMDB11286	0.13253985438964314	PLD3
HMDB11287	0.13253985438964314	PLD3
HMDB11288	0.13253985438964314	PLD3
HMDB11281	0.13253985438964314	PLD3
HMDB11282	0.13253985438964314	PLD3
HMDB11283	0.13253985438964314	PLD3
HMDB11284	0.13253985438964314	PLD3
HMDB11280	0.13253985438964314	PLD3
HMDB11289	0.13253985438964314	PLD3
HMDB11276	0.13253985438964314	PLD3
HMDB11277	0.13253985438964314	PLD3
HMDB11274	0.13253985438964314	PLD3
HMDB11275	0.13253985438964314	PLD3
HMDB11272	0.13253985438964314	PLD3
HMDB11273	0.13253985438964314	PLD3
HMDB11270	0.13253985438964314	PLD3
HMDB11271	0.13253985438964314	PLD3
HMDB11279	0.13253985438964314	PLD3
HMDB11278	0.13253985438964314	PLD3
HMDB11256	0.13253985438964314	PLD3
HMDB11257	0.13253985438964314	PLD3
HMDB11258	0.13253985438964314	PLD3
HMDB11259	0.13253985438964314	PLD3
HMDB11253	0.13253985438964314	PLD3
HMDB11252	0.13253985438964314	PLD3
HMDB11255	0.13253985438964314	PLD3
HMDB11254	0.13253985438964314	PLD3
HMDB11251	0.13253985438964314	PLD3
HMDB11250	0.13253985438964314	PLD3
HMDB11269	0.13253985438964314	PLD3
HMDB11264	0.13253985438964314	PLD3
HMDB11263	0.13253985438964314	PLD3
HMDB11262	0.13253985438964314	PLD3
HMDB11261	0.13253985438964314	PLD3
HMDB11260	0.13253985438964314	PLD3
HMDB11236	0.13253985438964314	PLD3
HMDB11237	0.13253985438964314	PLD3
HMDB11238	0.13253985438964314	PLD3
HMDB11239	0.13253985438964314	PLD3
HMDB11231	0.13253985438964314	PLD3
HMDB11230	0.13253985438964314	PLD3
HMDB11247	0.13253985438964314	PLD3
HMDB11248	0.13253985438964314	PLD3
HMDB11245	0.13253985438964314	PLD3
HMDB11246	0.13253985438964314	PLD3
HMDB11249	0.13253985438964314	PLD3
HMDB11240	0.13253985438964314	PLD3
HMDB11244	0.13253985438964314	PLD3
HMDB11243	0.13253985438964314	PLD3
HMDB11242	0.13253985438964314	PLD3
HMDB11241	0.13253985438964314	PLD3
HMDB11217	0.13253985438964314	PLD3
HMDB11216	0.13253985438964314	PLD3
HMDB11219	0.13253985438964314	PLD3
HMDB11218	0.13253985438964314	PLD3
HMDB11213	0.13253985438964314	PLD3
HMDB11212	0.13253985438964314	PLD3
HMDB11215	0.13253985438964314	PLD3
HMDB11214	0.13253985438964314	PLD3
HMDB11210	0.13253985438964314	PLD3
HMDB11211	0.13253985438964314	PLD3
HMDB11229	0.13253985438964314	PLD3
HMDB11228	0.13253985438964314	PLD3
HMDB11227	0.13253985438964314	PLD3
HMDB11226	0.13253985438964314	PLD3
HMDB11225	0.13253985438964314	PLD3
HMDB11224	0.13253985438964314	PLD3
HMDB11223	0.13253985438964314	PLD3
HMDB11221	0.13253985438964314	PLD3
HMDB11222	0.13253985438964314	PLD3
HMDB11220	0.13253985438964314	PLD3
HMDB11209	0.13253985438964314	PLD3
HMDB11204	0.13253985438964314	PLD3
HMDB11203	0.13253985438964314	PLD3
HMDB11202	0.13253985438964314	PLD3
HMDB11201	0.13253985438964314	PLD3
HMDB11208	0.13253985438964314	PLD3
HMDB11207	0.13253985438964314	PLD3
HMDB11206	0.13253985438964314	PLD3
HMDB11205	0.13253985438964314	PLD3
HMDB01397	0.14930861109148805	GMPR
HMDB08678	0.15207433763385025	PLD3
HMDB08679	0.15207433763385025	PLD3
HMDB08676	0.15207433763385025	PLD3
HMDB08677	0.15207433763385025	PLD3
HMDB08674	0.15207433763385025	PLD3
HMDB08675	0.15207433763385025	PLD3
HMDB08672	0.15207433763385025	PLD3
HMDB08673	0.15207433763385025	PLD3
HMDB08670	0.15207433763385025	PLD3
HMDB08671	0.15207433763385025	PLD3
HMDB08667	0.15207433763385025	PLD3
HMDB08668	0.15207433763385025	PLD3
HMDB08669	0.15207433763385025	PLD3
HMDB08663	0.15207433763385025	PLD3
HMDB08664	0.15207433763385025	PLD3
HMDB08665	0.15207433763385025	PLD3
HMDB08666	0.15207433763385025	PLD3
HMDB08660	0.15207433763385025	PLD3
HMDB08661	0.15207433763385025	PLD3
HMDB08662	0.15207433763385025	PLD3
HMDB08698	0.15207433763385025	PLD3
HMDB08699	0.15207433763385025	PLD3
HMDB08696	0.15207433763385025	PLD3
HMDB08697	0.15207433763385025	PLD3
HMDB08690	0.15207433763385025	PLD3
HMDB08691	0.15207433763385025	PLD3
HMDB08694	0.15207433763385025	PLD3
HMDB08695	0.15207433763385025	PLD3
HMDB08692	0.15207433763385025	PLD3
HMDB08693	0.15207433763385025	PLD3
HMDB08685	0.15207433763385025	PLD3
HMDB08686	0.15207433763385025	PLD3
HMDB08687	0.15207433763385025	PLD3
HMDB08688	0.15207433763385025	PLD3
HMDB08689	0.15207433763385025	PLD3
HMDB08680	0.15207433763385025	PLD3
HMDB08681	0.15207433763385025	PLD3
HMDB08682	0.15207433763385025	PLD3
HMDB08683	0.15207433763385025	PLD3
HMDB08684	0.15207433763385025	PLD3
HMDB08748	0.15207433763385025	PLD3
HMDB08749	0.15207433763385025	PLD3
HMDB08743	0.15207433763385025	PLD3
HMDB08742	0.15207433763385025	PLD3
HMDB08741	0.15207433763385025	PLD3
HMDB08740	0.15207433763385025	PLD3
HMDB08747	0.15207433763385025	PLD3
HMDB08746	0.15207433763385025	PLD3
HMDB08745	0.15207433763385025	PLD3
HMDB08744	0.15207433763385025	PLD3
HMDB08759	0.15207433763385025	PLD3
HMDB08750	0.15207433763385025	PLD3
HMDB08752	0.15207433763385025	PLD3
HMDB08751	0.15207433763385025	PLD3
HMDB08754	0.15207433763385025	PLD3
HMDB08753	0.15207433763385025	PLD3
HMDB08756	0.15207433763385025	PLD3
HMDB08755	0.15207433763385025	PLD3
HMDB08758	0.15207433763385025	PLD3
HMDB08757	0.15207433763385025	PLD3
HMDB08761	0.15207433763385025	PLD3
HMDB08760	0.15207433763385025	PLD3
HMDB08769	0.15207433763385025	PLD3
HMDB08768	0.15207433763385025	PLD3
HMDB08767	0.15207433763385025	PLD3
HMDB08766	0.15207433763385025	PLD3
HMDB08765	0.15207433763385025	PLD3
HMDB08764	0.15207433763385025	PLD3
HMDB08763	0.15207433763385025	PLD3
HMDB08762	0.15207433763385025	PLD3
HMDB08770	0.15207433763385025	PLD3
HMDB08772	0.15207433763385025	PLD3
HMDB08771	0.15207433763385025	PLD3
HMDB08778	0.15207433763385025	PLD3
HMDB08777	0.15207433763385025	PLD3
HMDB08779	0.15207433763385025	PLD3
HMDB08774	0.15207433763385025	PLD3
HMDB08773	0.15207433763385025	PLD3
HMDB08776	0.15207433763385025	PLD3
HMDB08775	0.15207433763385025	PLD3
HMDB08707	0.15207433763385025	PLD3
HMDB08706	0.15207433763385025	PLD3
HMDB08705	0.15207433763385025	PLD3
HMDB08704	0.15207433763385025	PLD3
HMDB08709	0.15207433763385025	PLD3
HMDB08708	0.15207433763385025	PLD3
HMDB08702	0.15207433763385025	PLD3
HMDB08703	0.15207433763385025	PLD3
HMDB08700	0.15207433763385025	PLD3
HMDB08701	0.15207433763385025	PLD3
HMDB08716	0.15207433763385025	PLD3
HMDB08715	0.15207433763385025	PLD3
HMDB08718	0.15207433763385025	PLD3
HMDB08717	0.15207433763385025	PLD3
HMDB08719	0.15207433763385025	PLD3
HMDB08710	0.15207433763385025	PLD3
HMDB08711	0.15207433763385025	PLD3
HMDB08712	0.15207433763385025	PLD3
HMDB08713	0.15207433763385025	PLD3
HMDB08714	0.15207433763385025	PLD3
HMDB08729	0.15207433763385025	PLD3
HMDB08728	0.15207433763385025	PLD3
HMDB08727	0.15207433763385025	PLD3
HMDB08726	0.15207433763385025	PLD3
HMDB08724	0.15207433763385025	PLD3
HMDB08725	0.15207433763385025	PLD3
HMDB08722	0.15207433763385025	PLD3
HMDB08723	0.15207433763385025	PLD3
HMDB08720	0.15207433763385025	PLD3
HMDB08721	0.15207433763385025	PLD3
HMDB08738	0.15207433763385025	PLD3
HMDB08737	0.15207433763385025	PLD3
HMDB08739	0.15207433763385025	PLD3
HMDB08733	0.15207433763385025	PLD3
HMDB08734	0.15207433763385025	PLD3
HMDB08735	0.15207433763385025	PLD3
HMDB08736	0.15207433763385025	PLD3
HMDB08730	0.15207433763385025	PLD3
HMDB08731	0.15207433763385025	PLD3
HMDB08732	0.15207433763385025	PLD3
HMDB08599	0.15207433763385025	PLD3
HMDB08598	0.15207433763385025	PLD3
HMDB08597	0.15207433763385025	PLD3
HMDB08596	0.15207433763385025	PLD3
HMDB08595	0.15207433763385025	PLD3
HMDB08594	0.15207433763385025	PLD3
HMDB08593	0.15207433763385025	PLD3
HMDB08592	0.15207433763385025	PLD3
HMDB08591	0.15207433763385025	PLD3
HMDB08590	0.15207433763385025	PLD3
HMDB08587	0.15207433763385025	PLD3
HMDB08586	0.15207433763385025	PLD3
HMDB08589	0.15207433763385025	PLD3
HMDB08588	0.15207433763385025	PLD3
HMDB08583	0.15207433763385025	PLD3
HMDB08582	0.15207433763385025	PLD3
HMDB08585	0.15207433763385025	PLD3
HMDB08584	0.15207433763385025	PLD3
HMDB08581	0.15207433763385025	PLD3
HMDB08580	0.15207433763385025	PLD3
HMDB08570	0.15207433763385025	PLD3
HMDB08573	0.15207433763385025	PLD3
HMDB08574	0.15207433763385025	PLD3
HMDB08571	0.15207433763385025	PLD3
HMDB08572	0.15207433763385025	PLD3
HMDB08577	0.15207433763385025	PLD3
HMDB08578	0.15207433763385025	PLD3
HMDB08575	0.15207433763385025	PLD3
HMDB08576	0.15207433763385025	PLD3
HMDB08579	0.15207433763385025	PLD3
HMDB08560	0.15207433763385025	PLD3
HMDB08561	0.15207433763385025	PLD3
HMDB08562	0.15207433763385025	PLD3
HMDB08563	0.15207433763385025	PLD3
HMDB08564	0.15207433763385025	PLD3
HMDB08565	0.15207433763385025	PLD3
HMDB08566	0.15207433763385025	PLD3
HMDB08567	0.15207433763385025	PLD3
HMDB08568	0.15207433763385025	PLD3
HMDB08569	0.15207433763385025	PLD3
HMDB08551	0.15207433763385025	PLD3
HMDB08552	0.15207433763385025	PLD3
HMDB08550	0.15207433763385025	PLD3
HMDB08559	0.15207433763385025	PLD3
HMDB08557	0.15207433763385025	PLD3
HMDB08558	0.15207433763385025	PLD3
HMDB08555	0.15207433763385025	PLD3
HMDB08556	0.15207433763385025	PLD3
HMDB08553	0.15207433763385025	PLD3
HMDB08554	0.15207433763385025	PLD3
HMDB08540	0.15207433763385025	PLD3
HMDB08541	0.15207433763385025	PLD3
HMDB08546	0.15207433763385025	PLD3
HMDB08547	0.15207433763385025	PLD3
HMDB08548	0.15207433763385025	PLD3
HMDB08549	0.15207433763385025	PLD3
HMDB08542	0.15207433763385025	PLD3
HMDB08543	0.15207433763385025	PLD3
HMDB08544	0.15207433763385025	PLD3
HMDB08545	0.15207433763385025	PLD3
HMDB08649	0.15207433763385025	PLD3
HMDB08648	0.15207433763385025	PLD3
HMDB08647	0.15207433763385025	PLD3
HMDB08646	0.15207433763385025	PLD3
HMDB08645	0.15207433763385025	PLD3
HMDB08644	0.15207433763385025	PLD3
HMDB08643	0.15207433763385025	PLD3
HMDB08642	0.15207433763385025	PLD3
HMDB08641	0.15207433763385025	PLD3
HMDB08640	0.15207433763385025	PLD3
HMDB08657	0.15207433763385025	PLD3
HMDB08656	0.15207433763385025	PLD3
HMDB08659	0.15207433763385025	PLD3
HMDB08658	0.15207433763385025	PLD3
HMDB08653	0.15207433763385025	PLD3
HMDB08652	0.15207433763385025	PLD3
HMDB08655	0.15207433763385025	PLD3
HMDB08654	0.15207433763385025	PLD3
HMDB08651	0.15207433763385025	PLD3
HMDB08650	0.15207433763385025	PLD3
HMDB08629	0.15207433763385025	PLD3
HMDB08627	0.15207433763385025	PLD3
HMDB08628	0.15207433763385025	PLD3
HMDB08622	0.15207433763385025	PLD3
HMDB08621	0.15207433763385025	PLD3
HMDB08620	0.15207433763385025	PLD3
HMDB08626	0.15207433763385025	PLD3
HMDB08625	0.15207433763385025	PLD3
HMDB08624	0.15207433763385025	PLD3
HMDB08623	0.15207433763385025	PLD3
HMDB08638	0.15207433763385025	PLD3
HMDB08639	0.15207433763385025	PLD3
HMDB08631	0.15207433763385025	PLD3
HMDB08630	0.15207433763385025	PLD3
HMDB08633	0.15207433763385025	PLD3
HMDB08632	0.15207433763385025	PLD3
HMDB08635	0.15207433763385025	PLD3
HMDB08634	0.15207433763385025	PLD3
HMDB08637	0.15207433763385025	PLD3
HMDB08636	0.15207433763385025	PLD3
HMDB08609	0.15207433763385025	PLD3
HMDB08608	0.15207433763385025	PLD3
HMDB08607	0.15207433763385025	PLD3
HMDB08606	0.15207433763385025	PLD3
HMDB08605	0.15207433763385025	PLD3
HMDB08603	0.15207433763385025	PLD3
HMDB08604	0.15207433763385025	PLD3
HMDB08601	0.15207433763385025	PLD3
HMDB08602	0.15207433763385025	PLD3
HMDB08600	0.15207433763385025	PLD3
HMDB08617	0.15207433763385025	PLD3
HMDB08616	0.15207433763385025	PLD3
HMDB08619	0.15207433763385025	PLD3
HMDB08618	0.15207433763385025	PLD3
HMDB08612	0.15207433763385025	PLD3
HMDB08613	0.15207433763385025	PLD3
HMDB08614	0.15207433763385025	PLD3
HMDB08615	0.15207433763385025	PLD3
HMDB08610	0.15207433763385025	PLD3
HMDB08611	0.15207433763385025	PLD3
HMDB07938	0.15207433763385025	PLD3
HMDB07939	0.15207433763385025	PLD3
HMDB07936	0.15207433763385025	PLD3
HMDB07937	0.15207433763385025	PLD3
HMDB07934	0.15207433763385025	PLD3
HMDB07935	0.15207433763385025	PLD3
HMDB07933	0.15207433763385025	PLD3
HMDB08438	0.15207433763385025	PLD3
HMDB07932	0.15207433763385025	PLD3
HMDB08439	0.15207433763385025	PLD3
HMDB07931	0.15207433763385025	PLD3
HMDB08436	0.15207433763385025	PLD3
HMDB07930	0.15207433763385025	PLD3
HMDB08437	0.15207433763385025	PLD3
HMDB08434	0.15207433763385025	PLD3
HMDB08435	0.15207433763385025	PLD3
HMDB08432	0.15207433763385025	PLD3
HMDB08433	0.15207433763385025	PLD3
HMDB08430	0.15207433763385025	PLD3
HMDB08431	0.15207433763385025	PLD3
HMDB07949	0.15207433763385025	PLD3
HMDB07945	0.15207433763385025	PLD3
HMDB07946	0.15207433763385025	PLD3
HMDB08429	0.15207433763385025	PLD3
HMDB07947	0.15207433763385025	PLD3
HMDB07948	0.15207433763385025	PLD3
HMDB07942	0.15207433763385025	PLD3
HMDB08425	0.15207433763385025	PLD3
HMDB07941	0.15207433763385025	PLD3
HMDB08426	0.15207433763385025	PLD3
HMDB07944	0.15207433763385025	PLD3
HMDB08427	0.15207433763385025	PLD3
HMDB07943	0.15207433763385025	PLD3
HMDB08428	0.15207433763385025	PLD3
HMDB08421	0.15207433763385025	PLD3
HMDB08422	0.15207433763385025	PLD3
HMDB07940	0.15207433763385025	PLD3
HMDB08423	0.15207433763385025	PLD3
HMDB08424	0.15207433763385025	PLD3
HMDB08420	0.15207433763385025	PLD3
HMDB07958	0.15207433763385025	PLD3
HMDB07959	0.15207433763385025	PLD3
HMDB07956	0.15207433763385025	PLD3
HMDB07957	0.15207433763385025	PLD3
HMDB07951	0.15207433763385025	PLD3
HMDB08456	0.15207433763385025	PLD3
HMDB07950	0.15207433763385025	PLD3
HMDB08457	0.15207433763385025	PLD3
HMDB08454	0.15207433763385025	PLD3
HMDB08455	0.15207433763385025	PLD3
HMDB07955	0.15207433763385025	PLD3
HMDB07954	0.15207433763385025	PLD3
HMDB07953	0.15207433763385025	PLD3
HMDB08458	0.15207433763385025	PLD3
HMDB07952	0.15207433763385025	PLD3
HMDB08459	0.15207433763385025	PLD3
HMDB08452	0.15207433763385025	PLD3
HMDB08453	0.15207433763385025	PLD3
HMDB08450	0.15207433763385025	PLD3
HMDB08451	0.15207433763385025	PLD3
HMDB07967	0.15207433763385025	PLD3
HMDB07969	0.15207433763385025	PLD3
HMDB07960	0.15207433763385025	PLD3
HMDB08443	0.15207433763385025	PLD3
HMDB08444	0.15207433763385025	PLD3
HMDB07962	0.15207433763385025	PLD3
HMDB08445	0.15207433763385025	PLD3
HMDB07961	0.15207433763385025	PLD3
HMDB08446	0.15207433763385025	PLD3
HMDB07964	0.15207433763385025	PLD3
HMDB08447	0.15207433763385025	PLD3
HMDB07963	0.15207433763385025	PLD3
HMDB08448	0.15207433763385025	PLD3
HMDB07966	0.15207433763385025	PLD3
HMDB08449	0.15207433763385025	PLD3
HMDB07965	0.15207433763385025	PLD3
HMDB08440	0.15207433763385025	PLD3
HMDB08441	0.15207433763385025	PLD3
HMDB08442	0.15207433763385025	PLD3
HMDB08475	0.15207433763385025	PLD3
HMDB08474	0.15207433763385025	PLD3
HMDB08473	0.15207433763385025	PLD3
HMDB08472	0.15207433763385025	PLD3
HMDB08471	0.15207433763385025	PLD3
HMDB08470	0.15207433763385025	PLD3
HMDB08479	0.15207433763385025	PLD3
HMDB08478	0.15207433763385025	PLD3
HMDB08477	0.15207433763385025	PLD3
HMDB08476	0.15207433763385025	PLD3
HMDB07906	0.15207433763385025	PLD3
HMDB07905	0.15207433763385025	PLD3
HMDB07908	0.15207433763385025	PLD3
HMDB07907	0.15207433763385025	PLD3
HMDB07902	0.15207433763385025	PLD3
HMDB07901	0.15207433763385025	PLD3
HMDB07904	0.15207433763385025	PLD3
HMDB07903	0.15207433763385025	PLD3
HMDB07909	0.15207433763385025	PLD3
HMDB08462	0.15207433763385025	PLD3
HMDB08461	0.15207433763385025	PLD3
HMDB08464	0.15207433763385025	PLD3
HMDB08463	0.15207433763385025	PLD3
HMDB08460	0.15207433763385025	PLD3
HMDB08469	0.15207433763385025	PLD3
HMDB07900	0.15207433763385025	PLD3
HMDB08466	0.15207433763385025	PLD3
HMDB08465	0.15207433763385025	PLD3
HMDB08468	0.15207433763385025	PLD3
HMDB08467	0.15207433763385025	PLD3
HMDB07915	0.15207433763385025	PLD3
HMDB07914	0.15207433763385025	PLD3
HMDB07913	0.15207433763385025	PLD3
HMDB07912	0.15207433763385025	PLD3
HMDB07919	0.15207433763385025	PLD3
HMDB07918	0.15207433763385025	PLD3
HMDB07917	0.15207433763385025	PLD3
HMDB07916	0.15207433763385025	PLD3
HMDB08493	0.15207433763385025	PLD3
HMDB08492	0.15207433763385025	PLD3
HMDB08491	0.15207433763385025	PLD3
HMDB08490	0.15207433763385025	PLD3
HMDB08497	0.15207433763385025	PLD3
HMDB08496	0.15207433763385025	PLD3
HMDB08495	0.15207433763385025	PLD3
HMDB08494	0.15207433763385025	PLD3
HMDB08499	0.15207433763385025	PLD3
HMDB08498	0.15207433763385025	PLD3
HMDB07910	0.15207433763385025	PLD3
HMDB07911	0.15207433763385025	PLD3
HMDB07924	0.15207433763385025	PLD3
HMDB07923	0.15207433763385025	PLD3
HMDB07926	0.15207433763385025	PLD3
HMDB07925	0.15207433763385025	PLD3
HMDB07928	0.15207433763385025	PLD3
HMDB07927	0.15207433763385025	PLD3
HMDB07929	0.15207433763385025	PLD3
HMDB08480	0.15207433763385025	PLD3
HMDB08482	0.15207433763385025	PLD3
HMDB08481	0.15207433763385025	PLD3
HMDB08484	0.15207433763385025	PLD3
HMDB08483	0.15207433763385025	PLD3
HMDB08486	0.15207433763385025	PLD3
HMDB08485	0.15207433763385025	PLD3
HMDB08488	0.15207433763385025	PLD3
HMDB08487	0.15207433763385025	PLD3
HMDB08489	0.15207433763385025	PLD3
HMDB07920	0.15207433763385025	PLD3
HMDB07921	0.15207433763385025	PLD3
HMDB07922	0.15207433763385025	PLD3
HMDB07974	0.15207433763385025	PLD3
HMDB07975	0.15207433763385025	PLD3
HMDB07976	0.15207433763385025	PLD3
HMDB07977	0.15207433763385025	PLD3
HMDB07970	0.15207433763385025	PLD3
HMDB07971	0.15207433763385025	PLD3
HMDB07972	0.15207433763385025	PLD3
HMDB07973	0.15207433763385025	PLD3
HMDB07979	0.15207433763385025	PLD3
HMDB07978	0.15207433763385025	PLD3
HMDB07980	0.15207433763385025	PLD3
HMDB07987	0.15207433763385025	PLD3
HMDB07988	0.15207433763385025	PLD3
HMDB07985	0.15207433763385025	PLD3
HMDB07986	0.15207433763385025	PLD3
HMDB07983	0.15207433763385025	PLD3
HMDB07984	0.15207433763385025	PLD3
HMDB07981	0.15207433763385025	PLD3
HMDB07982	0.15207433763385025	PLD3
HMDB07989	0.15207433763385025	PLD3
HMDB07990	0.15207433763385025	PLD3
HMDB07991	0.15207433763385025	PLD3
HMDB07992	0.15207433763385025	PLD3
HMDB07993	0.15207433763385025	PLD3
HMDB07994	0.15207433763385025	PLD3
HMDB07995	0.15207433763385025	PLD3
HMDB07996	0.15207433763385025	PLD3
HMDB07997	0.15207433763385025	PLD3
HMDB07998	0.15207433763385025	PLD3
HMDB07999	0.15207433763385025	PLD3
HMDB08501	0.15207433763385025	PLD3
HMDB08500	0.15207433763385025	PLD3
HMDB08505	0.15207433763385025	PLD3
HMDB08504	0.15207433763385025	PLD3
HMDB08503	0.15207433763385025	PLD3
HMDB08502	0.15207433763385025	PLD3
HMDB08508	0.15207433763385025	PLD3
HMDB08509	0.15207433763385025	PLD3
HMDB08506	0.15207433763385025	PLD3
HMDB08507	0.15207433763385025	PLD3
HMDB08510	0.15207433763385025	PLD3
HMDB08512	0.15207433763385025	PLD3
HMDB08511	0.15207433763385025	PLD3
HMDB08514	0.15207433763385025	PLD3
HMDB08513	0.15207433763385025	PLD3
HMDB08516	0.15207433763385025	PLD3
HMDB08515	0.15207433763385025	PLD3
HMDB08517	0.15207433763385025	PLD3
HMDB08518	0.15207433763385025	PLD3
HMDB08519	0.15207433763385025	PLD3
HMDB08527	0.15207433763385025	PLD3
HMDB08526	0.15207433763385025	PLD3
HMDB08525	0.15207433763385025	PLD3
HMDB08524	0.15207433763385025	PLD3
HMDB08523	0.15207433763385025	PLD3
HMDB08522	0.15207433763385025	PLD3
HMDB08521	0.15207433763385025	PLD3
HMDB08520	0.15207433763385025	PLD3
HMDB08528	0.15207433763385025	PLD3
HMDB08529	0.15207433763385025	PLD3
HMDB08530	0.15207433763385025	PLD3
HMDB08536	0.15207433763385025	PLD3
HMDB08535	0.15207433763385025	PLD3
HMDB08538	0.15207433763385025	PLD3
HMDB08537	0.15207433763385025	PLD3
HMDB08532	0.15207433763385025	PLD3
HMDB08531	0.15207433763385025	PLD3
HMDB08534	0.15207433763385025	PLD3
HMDB08533	0.15207433763385025	PLD3
HMDB08539	0.15207433763385025	PLD3
HMDB08331	0.15207433763385025	PLD3
HMDB08332	0.15207433763385025	PLD3
HMDB08330	0.15207433763385025	PLD3
HMDB08335	0.15207433763385025	PLD3
HMDB08336	0.15207433763385025	PLD3
HMDB08333	0.15207433763385025	PLD3
HMDB08334	0.15207433763385025	PLD3
HMDB08339	0.15207433763385025	PLD3
HMDB08337	0.15207433763385025	PLD3
HMDB08338	0.15207433763385025	PLD3
HMDB08320	0.15207433763385025	PLD3
HMDB08321	0.15207433763385025	PLD3
HMDB08322	0.15207433763385025	PLD3
HMDB08323	0.15207433763385025	PLD3
HMDB08324	0.15207433763385025	PLD3
HMDB08325	0.15207433763385025	PLD3
HMDB08326	0.15207433763385025	PLD3
HMDB08327	0.15207433763385025	PLD3
HMDB08328	0.15207433763385025	PLD3
HMDB08329	0.15207433763385025	PLD3
HMDB08319	0.15207433763385025	PLD3
HMDB08310	0.15207433763385025	PLD3
HMDB08317	0.15207433763385025	PLD3
HMDB08318	0.15207433763385025	PLD3
HMDB08315	0.15207433763385025	PLD3
HMDB08316	0.15207433763385025	PLD3
HMDB08313	0.15207433763385025	PLD3
HMDB08314	0.15207433763385025	PLD3
HMDB08311	0.15207433763385025	PLD3
HMDB08312	0.15207433763385025	PLD3
HMDB08309	0.15207433763385025	PLD3
HMDB08308	0.15207433763385025	PLD3
HMDB08304	0.15207433763385025	PLD3
HMDB08305	0.15207433763385025	PLD3
HMDB08306	0.15207433763385025	PLD3
HMDB08307	0.15207433763385025	PLD3
HMDB08300	0.15207433763385025	PLD3
HMDB08301	0.15207433763385025	PLD3
HMDB08302	0.15207433763385025	PLD3
HMDB08303	0.15207433763385025	PLD3
HMDB08379	0.15207433763385025	PLD3
HMDB08378	0.15207433763385025	PLD3
HMDB08377	0.15207433763385025	PLD3
HMDB08372	0.15207433763385025	PLD3
HMDB08371	0.15207433763385025	PLD3
HMDB08370	0.15207433763385025	PLD3
HMDB08376	0.15207433763385025	PLD3
HMDB08375	0.15207433763385025	PLD3
HMDB08374	0.15207433763385025	PLD3
HMDB08373	0.15207433763385025	PLD3
HMDB08367	0.15207433763385025	PLD3
HMDB08366	0.15207433763385025	PLD3
HMDB08369	0.15207433763385025	PLD3
HMDB08368	0.15207433763385025	PLD3
HMDB08361	0.15207433763385025	PLD3
HMDB08360	0.15207433763385025	PLD3
HMDB08363	0.15207433763385025	PLD3
HMDB08362	0.15207433763385025	PLD3
HMDB08365	0.15207433763385025	PLD3
HMDB08364	0.15207433763385025	PLD3
HMDB08359	0.15207433763385025	PLD3
HMDB08358	0.15207433763385025	PLD3
HMDB08357	0.15207433763385025	PLD3
HMDB08356	0.15207433763385025	PLD3
HMDB08355	0.15207433763385025	PLD3
HMDB08354	0.15207433763385025	PLD3
HMDB08353	0.15207433763385025	PLD3
HMDB08352	0.15207433763385025	PLD3
HMDB08351	0.15207433763385025	PLD3
HMDB08350	0.15207433763385025	PLD3
HMDB08349	0.15207433763385025	PLD3
HMDB08348	0.15207433763385025	PLD3
HMDB08345	0.15207433763385025	PLD3
HMDB08344	0.15207433763385025	PLD3
HMDB08347	0.15207433763385025	PLD3
HMDB08346	0.15207433763385025	PLD3
HMDB08341	0.15207433763385025	PLD3
HMDB08340	0.15207433763385025	PLD3
HMDB08343	0.15207433763385025	PLD3
HMDB08342	0.15207433763385025	PLD3
HMDB08395	0.15207433763385025	PLD3
HMDB08396	0.15207433763385025	PLD3
HMDB08397	0.15207433763385025	PLD3
HMDB08398	0.15207433763385025	PLD3
HMDB08391	0.15207433763385025	PLD3
HMDB08392	0.15207433763385025	PLD3
HMDB08393	0.15207433763385025	PLD3
HMDB08394	0.15207433763385025	PLD3
HMDB08399	0.15207433763385025	PLD3
HMDB08386	0.15207433763385025	PLD3
HMDB08387	0.15207433763385025	PLD3
HMDB08384	0.15207433763385025	PLD3
HMDB08385	0.15207433763385025	PLD3
HMDB08382	0.15207433763385025	PLD3
HMDB08383	0.15207433763385025	PLD3
HMDB08380	0.15207433763385025	PLD3
HMDB08381	0.15207433763385025	PLD3
HMDB08388	0.15207433763385025	PLD3
HMDB08389	0.15207433763385025	PLD3
HMDB08390	0.15207433763385025	PLD3
HMDB08406	0.15207433763385025	PLD3
HMDB08405	0.15207433763385025	PLD3
HMDB08404	0.15207433763385025	PLD3
HMDB08403	0.15207433763385025	PLD3
HMDB08402	0.15207433763385025	PLD3
HMDB08401	0.15207433763385025	PLD3
HMDB08400	0.15207433763385025	PLD3
HMDB08409	0.15207433763385025	PLD3
HMDB08407	0.15207433763385025	PLD3
HMDB08408	0.15207433763385025	PLD3
HMDB08415	0.15207433763385025	PLD3
HMDB08414	0.15207433763385025	PLD3
HMDB08417	0.15207433763385025	PLD3
HMDB08416	0.15207433763385025	PLD3
HMDB08411	0.15207433763385025	PLD3
HMDB08410	0.15207433763385025	PLD3
HMDB08413	0.15207433763385025	PLD3
HMDB08412	0.15207433763385025	PLD3
HMDB08418	0.15207433763385025	PLD3
HMDB08419	0.15207433763385025	PLD3
HMDB08269	0.15207433763385025	PLD3
HMDB08268	0.15207433763385025	PLD3
HMDB08267	0.15207433763385025	PLD3
HMDB08266	0.15207433763385025	PLD3
HMDB08265	0.15207433763385025	PLD3
HMDB08264	0.15207433763385025	PLD3
HMDB08263	0.15207433763385025	PLD3
HMDB08262	0.15207433763385025	PLD3
HMDB08261	0.15207433763385025	PLD3
HMDB08260	0.15207433763385025	PLD3
HMDB08280	0.15207433763385025	PLD3
HMDB08279	0.15207433763385025	PLD3
HMDB08278	0.15207433763385025	PLD3
HMDB08275	0.15207433763385025	PLD3
HMDB08274	0.15207433763385025	PLD3
HMDB08820	0.15207433763385025	PLD3
HMDB08277	0.15207433763385025	PLD3
HMDB08276	0.15207433763385025	PLD3
HMDB08271	0.15207433763385025	PLD3
HMDB08270	0.15207433763385025	PLD3
HMDB08273	0.15207433763385025	PLD3
HMDB08272	0.15207433763385025	PLD3
HMDB08290	0.15207433763385025	PLD3
HMDB08291	0.15207433763385025	PLD3
HMDB08289	0.15207433763385025	PLD3
HMDB08284	0.15207433763385025	PLD3
HMDB08283	0.15207433763385025	PLD3
HMDB08282	0.15207433763385025	PLD3
HMDB08281	0.15207433763385025	PLD3
HMDB08288	0.15207433763385025	PLD3
HMDB08287	0.15207433763385025	PLD3
HMDB08286	0.15207433763385025	PLD3
HMDB08285	0.15207433763385025	PLD3
HMDB08293	0.15207433763385025	PLD3
HMDB08292	0.15207433763385025	PLD3
HMDB08295	0.15207433763385025	PLD3
HMDB08294	0.15207433763385025	PLD3
HMDB08297	0.15207433763385025	PLD3
HMDB08296	0.15207433763385025	PLD3
HMDB08299	0.15207433763385025	PLD3
HMDB08298	0.15207433763385025	PLD3
HMDB08220	0.15207433763385025	PLD3
HMDB08221	0.15207433763385025	PLD3
HMDB08222	0.15207433763385025	PLD3
HMDB08227	0.15207433763385025	PLD3
HMDB08228	0.15207433763385025	PLD3
HMDB08229	0.15207433763385025	PLD3
HMDB08223	0.15207433763385025	PLD3
HMDB08224	0.15207433763385025	PLD3
HMDB08225	0.15207433763385025	PLD3
HMDB08226	0.15207433763385025	PLD3
HMDB08232	0.15207433763385025	PLD3
HMDB08233	0.15207433763385025	PLD3
HMDB08230	0.15207433763385025	PLD3
HMDB08231	0.15207433763385025	PLD3
HMDB08238	0.15207433763385025	PLD3
HMDB08239	0.15207433763385025	PLD3
HMDB08236	0.15207433763385025	PLD3
HMDB08237	0.15207433763385025	PLD3
HMDB08234	0.15207433763385025	PLD3
HMDB08235	0.15207433763385025	PLD3
HMDB08813	0.15207433763385025	PLD3
HMDB08812	0.15207433763385025	PLD3
HMDB08811	0.15207433763385025	PLD3
HMDB08240	0.15207433763385025	PLD3
HMDB08810	0.15207433763385025	PLD3
HMDB08241	0.15207433763385025	PLD3
HMDB08242	0.15207433763385025	PLD3
HMDB08243	0.15207433763385025	PLD3
HMDB08244	0.15207433763385025	PLD3
HMDB08245	0.15207433763385025	PLD3
HMDB08246	0.15207433763385025	PLD3
HMDB08247	0.15207433763385025	PLD3
HMDB08248	0.15207433763385025	PLD3
HMDB08249	0.15207433763385025	PLD3
HMDB08818	0.15207433763385025	PLD3
HMDB08819	0.15207433763385025	PLD3
HMDB08816	0.15207433763385025	PLD3
HMDB08817	0.15207433763385025	PLD3
HMDB08814	0.15207433763385025	PLD3
HMDB08815	0.15207433763385025	PLD3
HMDB08250	0.15207433763385025	PLD3
HMDB08800	0.15207433763385025	PLD3
HMDB08251	0.15207433763385025	PLD3
HMDB08802	0.15207433763385025	PLD3
HMDB08801	0.15207433763385025	PLD3
HMDB08254	0.15207433763385025	PLD3
HMDB08255	0.15207433763385025	PLD3
HMDB08252	0.15207433763385025	PLD3
HMDB08253	0.15207433763385025	PLD3
HMDB08258	0.15207433763385025	PLD3
HMDB08259	0.15207433763385025	PLD3
HMDB08256	0.15207433763385025	PLD3
HMDB08257	0.15207433763385025	PLD3
HMDB08807	0.15207433763385025	PLD3
HMDB08808	0.15207433763385025	PLD3
HMDB08809	0.15207433763385025	PLD3
HMDB08803	0.15207433763385025	PLD3
HMDB08804	0.15207433763385025	PLD3
HMDB08805	0.15207433763385025	PLD3
HMDB08806	0.15207433763385025	PLD3
HMDB08202	0.15207433763385025	PLD3
HMDB08201	0.15207433763385025	PLD3
HMDB08204	0.15207433763385025	PLD3
HMDB08203	0.15207433763385025	PLD3
HMDB08206	0.15207433763385025	PLD3
HMDB08205	0.15207433763385025	PLD3
HMDB08208	0.15207433763385025	PLD3
HMDB08207	0.15207433763385025	PLD3
HMDB08200	0.15207433763385025	PLD3
HMDB08209	0.15207433763385025	PLD3
HMDB08215	0.15207433763385025	PLD3
HMDB08214	0.15207433763385025	PLD3
HMDB08213	0.15207433763385025	PLD3
HMDB08212	0.15207433763385025	PLD3
HMDB08219	0.15207433763385025	PLD3
HMDB08218	0.15207433763385025	PLD3
HMDB08217	0.15207433763385025	PLD3
HMDB08216	0.15207433763385025	PLD3
HMDB08211	0.15207433763385025	PLD3
HMDB08210	0.15207433763385025	PLD3
HMDB08780	0.15207433763385025	PLD3
HMDB08781	0.15207433763385025	PLD3
HMDB08782	0.15207433763385025	PLD3
HMDB08783	0.15207433763385025	PLD3
HMDB08788	0.15207433763385025	PLD3
HMDB08789	0.15207433763385025	PLD3
HMDB08784	0.15207433763385025	PLD3
HMDB08785	0.15207433763385025	PLD3
HMDB08786	0.15207433763385025	PLD3
HMDB08787	0.15207433763385025	PLD3
HMDB08793	0.15207433763385025	PLD3
HMDB08794	0.15207433763385025	PLD3
HMDB08791	0.15207433763385025	PLD3
HMDB08792	0.15207433763385025	PLD3
HMDB08790	0.15207433763385025	PLD3
HMDB08799	0.15207433763385025	PLD3
HMDB08797	0.15207433763385025	PLD3
HMDB08798	0.15207433763385025	PLD3
HMDB08795	0.15207433763385025	PLD3
HMDB08796	0.15207433763385025	PLD3
HMDB00564	0.15207433763385025	PLD3
HMDB07885	0.15207433763385025	PLD3
HMDB07884	0.15207433763385025	PLD3
HMDB07883	0.15207433763385025	PLD3
HMDB07882	0.15207433763385025	PLD3
HMDB07889	0.15207433763385025	PLD3
HMDB07888	0.15207433763385025	PLD3
HMDB07887	0.15207433763385025	PLD3
HMDB07886	0.15207433763385025	PLD3
HMDB07881	0.15207433763385025	PLD3
HMDB07880	0.15207433763385025	PLD3
HMDB07879	0.15207433763385025	PLD3
HMDB07872	0.15207433763385025	PLD3
HMDB07871	0.15207433763385025	PLD3
HMDB07874	0.15207433763385025	PLD3
HMDB07873	0.15207433763385025	PLD3
HMDB07876	0.15207433763385025	PLD3
HMDB07875	0.15207433763385025	PLD3
HMDB07878	0.15207433763385025	PLD3
HMDB07877	0.15207433763385025	PLD3
HMDB07870	0.15207433763385025	PLD3
HMDB08192	0.15207433763385025	PLD3
HMDB08191	0.15207433763385025	PLD3
HMDB08190	0.15207433763385025	PLD3
HMDB07868	0.15207433763385025	PLD3
HMDB07869	0.15207433763385025	PLD3
HMDB07867	0.15207433763385025	PLD3
HMDB07866	0.15207433763385025	PLD3
HMDB08188	0.15207433763385025	PLD3
HMDB08189	0.15207433763385025	PLD3
HMDB08186	0.15207433763385025	PLD3
HMDB08187	0.15207433763385025	PLD3
HMDB08184	0.15207433763385025	PLD3
HMDB08185	0.15207433763385025	PLD3
HMDB08182	0.15207433763385025	PLD3
HMDB08183	0.15207433763385025	PLD3
HMDB08197	0.15207433763385025	PLD3
HMDB08198	0.15207433763385025	PLD3
HMDB08199	0.15207433763385025	PLD3
HMDB08193	0.15207433763385025	PLD3
HMDB08194	0.15207433763385025	PLD3
HMDB08195	0.15207433763385025	PLD3
HMDB08196	0.15207433763385025	PLD3
HMDB08170	0.15207433763385025	PLD3
HMDB08163	0.15207433763385025	PLD3
HMDB08162	0.15207433763385025	PLD3
HMDB08161	0.15207433763385025	PLD3
HMDB08160	0.15207433763385025	PLD3
HMDB08167	0.15207433763385025	PLD3
HMDB08166	0.15207433763385025	PLD3
HMDB08165	0.15207433763385025	PLD3
HMDB08164	0.15207433763385025	PLD3
HMDB08169	0.15207433763385025	PLD3
HMDB08168	0.15207433763385025	PLD3
HMDB08180	0.15207433763385025	PLD3
HMDB08181	0.15207433763385025	PLD3
HMDB08172	0.15207433763385025	PLD3
HMDB08171	0.15207433763385025	PLD3
HMDB08174	0.15207433763385025	PLD3
HMDB08173	0.15207433763385025	PLD3
HMDB08176	0.15207433763385025	PLD3
HMDB08175	0.15207433763385025	PLD3
HMDB08178	0.15207433763385025	PLD3
HMDB08177	0.15207433763385025	PLD3
HMDB08179	0.15207433763385025	PLD3
HMDB08145	0.15207433763385025	PLD3
HMDB08144	0.15207433763385025	PLD3
HMDB08143	0.15207433763385025	PLD3
HMDB08142	0.15207433763385025	PLD3
HMDB08141	0.15207433763385025	PLD3
HMDB08140	0.15207433763385025	PLD3
HMDB08149	0.15207433763385025	PLD3
HMDB08148	0.15207433763385025	PLD3
HMDB08147	0.15207433763385025	PLD3
HMDB08146	0.15207433763385025	PLD3
HMDB00593	0.15207433763385025	PLD3
HMDB08154	0.15207433763385025	PLD3
HMDB07890	0.15207433763385025	PLD3
HMDB08153	0.15207433763385025	PLD3
HMDB07891	0.15207433763385025	PLD3
HMDB08156	0.15207433763385025	PLD3
HMDB07892	0.15207433763385025	PLD3
HMDB08155	0.15207433763385025	PLD3
HMDB08150	0.15207433763385025	PLD3
HMDB08152	0.15207433763385025	PLD3
HMDB08151	0.15207433763385025	PLD3
HMDB07897	0.15207433763385025	PLD3
HMDB07898	0.15207433763385025	PLD3
HMDB07899	0.15207433763385025	PLD3
HMDB07893	0.15207433763385025	PLD3
HMDB08158	0.15207433763385025	PLD3
HMDB07894	0.15207433763385025	PLD3
HMDB08157	0.15207433763385025	PLD3
HMDB07895	0.15207433763385025	PLD3
HMDB07896	0.15207433763385025	PLD3
HMDB08159	0.15207433763385025	PLD3
HMDB08124	0.15207433763385025	PLD3
HMDB08125	0.15207433763385025	PLD3
HMDB08126	0.15207433763385025	PLD3
HMDB08127	0.15207433763385025	PLD3
HMDB08128	0.15207433763385025	PLD3
HMDB08129	0.15207433763385025	PLD3
HMDB08120	0.15207433763385025	PLD3
HMDB08121	0.15207433763385025	PLD3
HMDB08122	0.15207433763385025	PLD3
HMDB08123	0.15207433763385025	PLD3
HMDB08137	0.15207433763385025	PLD3
HMDB08138	0.15207433763385025	PLD3
HMDB08135	0.15207433763385025	PLD3
HMDB08136	0.15207433763385025	PLD3
HMDB08139	0.15207433763385025	PLD3
HMDB08130	0.15207433763385025	PLD3
HMDB08133	0.15207433763385025	PLD3
HMDB08134	0.15207433763385025	PLD3
HMDB08131	0.15207433763385025	PLD3
HMDB08132	0.15207433763385025	PLD3
HMDB08106	0.15207433763385025	PLD3
HMDB08107	0.15207433763385025	PLD3
HMDB08108	0.15207433763385025	PLD3
HMDB08109	0.15207433763385025	PLD3
HMDB08102	0.15207433763385025	PLD3
HMDB08103	0.15207433763385025	PLD3
HMDB08105	0.15207433763385025	PLD3
HMDB08100	0.15207433763385025	PLD3
HMDB08101	0.15207433763385025	PLD3
HMDB08119	0.15207433763385025	PLD3
HMDB08117	0.15207433763385025	PLD3
HMDB08118	0.15207433763385025	PLD3
HMDB08115	0.15207433763385025	PLD3
HMDB08116	0.15207433763385025	PLD3
HMDB08113	0.15207433763385025	PLD3
HMDB08114	0.15207433763385025	PLD3
HMDB08111	0.15207433763385025	PLD3
HMDB08112	0.15207433763385025	PLD3
HMDB08110	0.15207433763385025	PLD3
HMDB08029	0.15207433763385025	PLD3
HMDB08028	0.15207433763385025	PLD3
HMDB08027	0.15207433763385025	PLD3
HMDB08026	0.15207433763385025	PLD3
HMDB08025	0.15207433763385025	PLD3
HMDB08024	0.15207433763385025	PLD3
HMDB08023	0.15207433763385025	PLD3
HMDB08022	0.15207433763385025	PLD3
HMDB08021	0.15207433763385025	PLD3
HMDB08020	0.15207433763385025	PLD3
HMDB08037	0.15207433763385025	PLD3
HMDB08036	0.15207433763385025	PLD3
HMDB08039	0.15207433763385025	PLD3
HMDB08038	0.15207433763385025	PLD3
HMDB08033	0.15207433763385025	PLD3
HMDB08032	0.15207433763385025	PLD3
HMDB08035	0.15207433763385025	PLD3
HMDB08034	0.15207433763385025	PLD3
HMDB08031	0.15207433763385025	PLD3
HMDB08030	0.15207433763385025	PLD3
HMDB08049	0.15207433763385025	PLD3
HMDB08048	0.15207433763385025	PLD3
HMDB08047	0.15207433763385025	PLD3
HMDB08042	0.15207433763385025	PLD3
HMDB08041	0.15207433763385025	PLD3
HMDB08040	0.15207433763385025	PLD3
HMDB08046	0.15207433763385025	PLD3
HMDB08045	0.15207433763385025	PLD3
HMDB08044	0.15207433763385025	PLD3
HMDB08043	0.15207433763385025	PLD3
HMDB08059	0.15207433763385025	PLD3
HMDB08058	0.15207433763385025	PLD3
HMDB08051	0.15207433763385025	PLD3
HMDB08050	0.15207433763385025	PLD3
HMDB08053	0.15207433763385025	PLD3
HMDB08052	0.15207433763385025	PLD3
HMDB08055	0.15207433763385025	PLD3
HMDB08054	0.15207433763385025	PLD3
HMDB08057	0.15207433763385025	PLD3
HMDB08056	0.15207433763385025	PLD3
HMDB08060	0.15207433763385025	PLD3
HMDB08067	0.15207433763385025	PLD3
HMDB08068	0.15207433763385025	PLD3
HMDB08065	0.15207433763385025	PLD3
HMDB08066	0.15207433763385025	PLD3
HMDB08063	0.15207433763385025	PLD3
HMDB08064	0.15207433763385025	PLD3
HMDB08061	0.15207433763385025	PLD3
HMDB08062	0.15207433763385025	PLD3
HMDB08069	0.15207433763385025	PLD3
HMDB08071	0.15207433763385025	PLD3
HMDB08070	0.15207433763385025	PLD3
HMDB08076	0.15207433763385025	PLD3
HMDB08077	0.15207433763385025	PLD3
HMDB08078	0.15207433763385025	PLD3
HMDB08079	0.15207433763385025	PLD3
HMDB08072	0.15207433763385025	PLD3
HMDB08073	0.15207433763385025	PLD3
HMDB08074	0.15207433763385025	PLD3
HMDB08075	0.15207433763385025	PLD3
HMDB08080	0.15207433763385025	PLD3
HMDB08082	0.15207433763385025	PLD3
HMDB08081	0.15207433763385025	PLD3
HMDB08085	0.15207433763385025	PLD3
HMDB08086	0.15207433763385025	PLD3
HMDB08083	0.15207433763385025	PLD3
HMDB08084	0.15207433763385025	PLD3
HMDB08089	0.15207433763385025	PLD3
HMDB08087	0.15207433763385025	PLD3
HMDB08088	0.15207433763385025	PLD3
HMDB08093	0.15207433763385025	PLD3
HMDB08092	0.15207433763385025	PLD3
HMDB08091	0.15207433763385025	PLD3
HMDB08090	0.15207433763385025	PLD3
HMDB08094	0.15207433763385025	PLD3
HMDB08095	0.15207433763385025	PLD3
HMDB08096	0.15207433763385025	PLD3
HMDB08097	0.15207433763385025	PLD3
HMDB08098	0.15207433763385025	PLD3
HMDB08099	0.15207433763385025	PLD3
HMDB08000	0.15207433763385025	PLD3
HMDB08001	0.15207433763385025	PLD3
HMDB08002	0.15207433763385025	PLD3
HMDB08003	0.15207433763385025	PLD3
HMDB08004	0.15207433763385025	PLD3
HMDB08005	0.15207433763385025	PLD3
HMDB08006	0.15207433763385025	PLD3
HMDB08007	0.15207433763385025	PLD3
HMDB08008	0.15207433763385025	PLD3
HMDB08009	0.15207433763385025	PLD3
HMDB08012	0.15207433763385025	PLD3
HMDB08013	0.15207433763385025	PLD3
HMDB08010	0.15207433763385025	PLD3
HMDB08011	0.15207433763385025	PLD3
HMDB08016	0.15207433763385025	PLD3
HMDB08017	0.15207433763385025	PLD3
HMDB08014	0.15207433763385025	PLD3
HMDB08015	0.15207433763385025	PLD3
HMDB08018	0.15207433763385025	PLD3
HMDB08019	0.15207433763385025	PLD3
HMDB01303	0.23634411303537567	CPA3
HMDB01429	0.28651610978753267	DUSP3,DUSP1
HMDB00295	0.2967592476264535	B3GNT5
HMDB00058	0.40664629110912137	AHR
HMDB03178	0.4281788913505484	TBXAS1
HMDB00217	0.43010044085513893	GMPR
HMDB00221	0.43772759717915466	GMPR
HMDB01487	0.49201669993559427	SORD
HMDB00902	0.5599728105242936	SORD
